,artist,track,album
0,Miguel,Sure Thing,All I Want Is You
1,Mac Miller,The Spins,K.I.D.S. (Deluxe)
2,Bruno Mars,Just the Way You Are,Doo-Wops & Hooligans
3,Waka Flocka Flame,No Hands (feat. Roscoe Dash & Wale),Flockaveli
4,bôa,Duvet,Twilight
5,Miguel,Girl With The Tattoo Enter.lewd,All I Want Is You
6,Zac Brown Band,Knee Deep (feat. Jimmy Buffett),You Get What You Give
7,Nicki Minaj,Super Bass,Pink Friday (Complete Edition)
8,Train,"Hey, Soul Sister","Save Me, San Francisco (Golden Gate Edition)"
9,Kanye West,Devil In A New Dress,My Beautiful Dark Twisted Fantasy
10,Bruno Mars,Grenade,Doo-Wops & Hooligans
11,Kesha,TiK ToK,Animal (Expanded Edition)
12,Bruno Mars,Talking to the Moon,Doo-Wops & Hooligans
13,Katy Perry,Last Friday Night (T.G.I.F.),Teenage Dream
14,Roar,I Can't Handle Change,I Can't Handle Change
15,Jason Aldean,Dirt Road Anthem,My Kinda Party
16,Rihanna,Only Girl (In The World),Loud (Japan Version)
17,Patrick Watson,Je te laisserai des mots,Je te laisserai des mots
18,Kanye West,Runaway,My Beautiful Dark Twisted Fantasy
19,Kanye West,All Of The Lights,My Beautiful Dark Twisted Fantasy
20,Don Omar,Danza Kuduro,Meet The Orphans
21,Taylor Swift,Enchanted,Speak Now
22,Dr. Dog,Where'd All the Time Go?,"Shame, Shame (Deluxe Edition)"
23,Eminem,Love The Way You Lie,Recovery
24,Roar,Christmas Kids,I Can't Handle Change
25,Katy Perry,Teenage Dream,Teenage Dream
26,USHER,DJ Got Us Fallin' In Love (feat. Pitbull),Raymond v Raymond (Expanded Edition)
27,Rihanna,S&M,Loud (Japan Version)
28,Kanye West,POWER,My Beautiful Dark Twisted Fantasy
29,Two Door Cinema Club,What You Know,Tourist History
30,Justin Bieber,Baby,My World 2.0
31,Bruno Mars,Marry You,Doo-Wops & Hooligans
32,Maroon 5,"Moves Like Jagger - Studio Recording From ""The Voice"" Performance",Hands All Over
33,Drake,Over,Thank Me Later
34,P!nk,Raise Your Glass,Raise Your Glass
35,Katy Perry,California Gurls,Teenage Dream
36,Mike Posner,Cooler Than Me - Single Mix,31 Minutes to Takeoff
37,Trey Songz,Bottoms Up (feat. Nicki Minaj),"Passion, Pain & Pleasure (Deluxe Version)"
38,Drake,Fancy,Thank Me Later
39,Neon Trees,Animal,Habits
40,B.o.B,Nothin' on You (feat. Bruno Mars),B.o.B Presents: The Adventures of Bobby Ray
41,Plan B,Es un Secreto,House Of Pleasure
42,Miguel,All I Want Is You (feat. J. Cole),All I Want Is You
43,Kid Cudi,Mr. Rager,Man On The Moon II: The Legend Of Mr. Rager
44,Katy Perry,The One That Got Away,Teenage Dream
45,Bruno Mars,Runaway Baby,Doo-Wops & Hooligans
46,Far East Movement,Like A G6,Free Wired
47,USHER,OMG (feat. will.i.am),Raymond v Raymond (Expanded Edition)
48,Zac Brown Band,Colder Weather,You Get What You Give
49,Black Eyed Peas,Just Can’t Get Enough,The Beginning
50,Bruno Mars,The Lazy Song,Doo-Wops & Hooligans
51,Eminem,Not Afraid,Recovery
52,B.o.B,Airplanes (feat. Hayley Williams of Paramore),B.o.B Presents: The Adventures of Bobby Ray
53,Lady A,Need You Now,Need You Now
54,Katy Perry,Firework,Teenage Dream
55,Taio Cruz,Dynamite,Rokstarr
56,Mac Miller,Nikes on My Feet,K.I.D.S.
57,Gorillaz,Rhinestone Eyes,Plastic Beach
58,Jeremih,Down On Me,All About You
59,Cascada,Everytime We Touch,Everytime We Touch (Premium Edition)
60,Mac Miller,Knock Knock,K.I.D.S.
61,Prince Royce,Corazón Sin Cara,Prince Royce
62,Lil Wayne,Right Above It,I Am Not A Human Being
63,Cody Jinks,Hippies and Cowboys,Less Wise
64,Bruno Mars,Count on Me,Doo-Wops & Hooligans
65,Drake,Find Your Love,Thank Me Later
66,Kid Cudi,Mr. Rager,Man On The Moon II: The Legend Of Mr. Rager
67,Nelly,Just A Dream,5.0
68,Jason Derulo,Whatcha Say,Jason Derulo
69,Far East Movement,Rocketeer,Free Wired
70,Gorillaz,On Melancholy Hill,Plastic Beach
71,Rick Ross,Aston Martin Music,Teflon Don
72,Nicki Minaj,Moment 4 Life,Pink Friday
73,Kid Cudi,Erase Me - Main,Man On The Moon II: The Legend Of Mr. Rager
74,Flo Rida,Club Can't Handle Me (feat. David Guetta),Only One Flo (Part 1)
75,The Band Perry,If I Die Young,The Band Perry
76,Plan B,Si No Le Contesto,House Of Pleasure
77,Josh Turner,Why Don't We Just Dance,Haywire
78,The Steeldrivers,Where Rainbows Never Die,Reckless
79,Kesha,We R Who We R,Cannibal (Expanded Edition)
80,Taio Cruz,Dynamite,The Rokstarr Hits Collection
81,Kesha,Your Love Is My Drug,Animal (Expanded Edition)
82,The Black Keys,Howlin' for You,Brothers
83,Mac Miller,Kool Aid & Frozen Pizza,K.I.D.S.
84,Angus & Julia Stone,Big Jet Plane,Down the Way
85,Alex G,Things to Do,Race
86,Two Door Cinema Club,Undercover Martyn,Tourist History
87,CeeLo Green,Fuck You,The Lady Killer
88,Kanye West,Monster,My Beautiful Dark Twisted Fantasy
89,Drake,Up All Night,Thank Me Later
90,Taylor Swift,Back To December,Speak Now
91,Beach House,Silver Soul,Teen Dream
92,Avenged Sevenfold,Nightmare,Nightmare
93,Sick Puppies,You're Going Down,Tri-polar
94,Rihanna,What's My Name?,Loud (Japan Version)
95,Mandy Moore,"When Will My Life Begin? - From ""Tangled"" / Soundtrack Version",Tangled
96,Pierce The Veil,Caraphernelia,Selfish Machines
97,Jason Aldean,My Kinda Party,My Kinda Party
98,My Darkest Days,Porn Star Dancing,My Darkest Days
99,Taio Cruz,Break Your Heart,Rokstarr
100,Ludacris,My Chick Bad,Battle Of The Sexes (Deluxe)
101,MARINA,Oh No!,The Family Jewels
102,Kavinsky,Nightcall,Nightcall
103,Kesha,Backstabber,Animal (Expanded Edition)
104,Enrique Iglesias,Cuando Me Enamoro,Euphoria (Standard US/Latin version)
105,Jason Derulo,Ridin' Solo,Jason Derulo
106,Prince Royce,Rechazame,Prince Royce
107,Kanye West,Gorgeous,My Beautiful Dark Twisted Fantasy
108,bôa,Twilight,Twilight
109,Alicia Keys,Un-thinkable (I'm Ready) (feat. Drake) - Remix,Un-thinkable (I'm Ready) (feat. Drake) [Remix]
110,Enrique Iglesias,I Like It,Euphoria (Standard US/Latin version)
111,Billy Currington,Pretty Good At Drinkin' Beer,Enjoy Yourself
112,MARINA,Are You Satisfied?,The Family Jewels
113,Jason Aldean,Fly Over States,My Kinda Party
114,Turnpike Troubadours,Long Hot Summer Day,Diamonds & Gasoline
115,Ellie Goulding,Lights,An Introduction To Ellie Goulding EP
116,Travie McCoy,Billionaire (feat. Bruno Mars),Lazarus
117,Kanye West,Dark Fantasy,My Beautiful Dark Twisted Fantasy
118,Lee Brice,Love Like Crazy,Love Like Crazy
119,The Naked And Famous,Young Blood,"Passive Me, Aggressive You"
120,Mandy Moore,"I See the Light - From ""Tangled"" / Soundtrack Version",Tangled
121,Zac Brown Band,As She's Walking Away (feat. Alan Jackson),You Get What You Give
122,Turnpike Troubadours,Diamonds & Gasoline,Diamonds & Gasoline
123,Alan Jackson,It's Five O'Clock Somewhere,34 Number Ones
124,Volbeat,A Warrior's Call,Beyond Hell / Above Heaven
125,Sugarland,Stuck Like Glue,The Incredible Machine
126,Lady A,American Honey,Need You Now
127,B.o.B,Nothing on You,May 25th
128,Metric,Black Sheep - Brie Larson Vocal Version,Black Sheep (Brie Larson Vocal Version)
129,Godsmack,Cryin' Like A Bitch!!,The Oracle (Deluxe Edition)
130,Get Scared,Sarcasm,Best Kind Of Mess
131,B.o.B,Magic (feat. Rivers Cuomo),B.o.B Presents: The Adventures of Bobby Ray
132,DJ Khaled,"All I Do Is Win (feat. T-Pain, Ludacris, Snoop Dogg & Rick Ross)",Victory
133,Eminem,Cinderella Man,Recovery
134,Taylor Swift,Mean,Speak Now
135,Kesha,Blow,Cannibal (Expanded Edition)
136,Eminem,No Love,Recovery
137,Alex G,Race,Race
138,Taylor Swift,Mine,Speak Now
139,Mac Miller,The Spins,K.I.D.S.
140,A Day To Remember,All I Want,What Separates Me From You
141,Mike Posner,Please Don't Go,31 Minutes to Takeoff
142,Kenny Chesney,You and Tequila (feat. Grace Potter),Hemingway's Whiskey
143,The Black Keys,Tighten Up,Brothers
144,Travie McCoy,Billionaire (feat. Bruno Mars),Billionaire (feat. Bruno Mars)
145,Rodney Atkins,Farmer's Daughter,It's America
146,Taylor Swift,Sparks Fly,Speak Now
147,Jason Derulo,In My Head,Jason Derulo
148,CeeLo Green,Forget You,The Lady Killer
149,Nicki Minaj,Did It On’em,Pink Friday
150,A Day To Remember,All Signs Point To Lauderdale,What Separates Me From You
151,Bullet For My Valentine,Your Betrayal,Fever
152,Maroon 5,Misery,Hands All Over (Deluxe)
153,Pierce The Veil,Bulletproof Love,Selfish Machines
154,Turnpike Troubadours,7 & 7,Diamonds & Gasoline
155,Grace Potter,Something That I Want,Tangled
156,Justin Bieber,Somebody To Love,My World 2.0
157,My Chemical Romance,Na Na Na (Na Na Na Na Na Na Na Na Na),Danger Days: The True Lives of the Fabulous Killjoys
158,Big Time Rush,Boyfriend,BTR
159,Kesha,Take It Off,Animal (Expanded Edition)
160,Iration,Time Bomb,Time Bomb
161,Waka Flocka Flame,Grove St. Party (feat. Kebo Gotti),Flockaveli
162,Taylor Swift,Better Than Revenge,Speak Now
163,Kesha,Blah Blah Blah (feat. 3OH!3),Animal (Expanded Edition)
164,Taylor Swift,Better Than Revenge,Speak Now (Deluxe Edition)
165,Tikkle Me,Blow My Brains Out,Tikkle Me
166,Mandy Moore,"I've Got a Dream - From ""Tangled""/Soundtrack Version",Tangled
167,Phantogram,When I'm Small,Eyelid Movies
168,Juan Gabriel,¿Por Qué Me Haces Llorar?,Juan Gabriel
169,Keri Hilson,Pretty Girl Rock,No Boys Allowed
170,Plain White T's,Rhythm Of Love,Wonders Of The Younger
171,Gorillaz,Empire Ants (feat. Little Dragon),Plastic Beach
172,Mac Miller,Senior Skip Day,K.I.D.S.
173,Lady A,Need You Now,Need You Now
174,Two Door Cinema Club,Something Good Can Work,Tourist History
175,Zac Brown Band,Keep Me in Mind,You Get What You Give
176,Camila,Mientes,Dejarte De Amar
177,Billy Ocean,Caribbean Queen (No More Love On the Run),The Very Best of Billy Ocean
178,Jeremih,Love Don't Change,All About You
179,Sleeping With Sirens,"If I'm James Dean, You're Audrey Hepburn",With Ears To See And Eyes To Hear
180,Keith Urban,Long Hot Summer,Get Closer (Deluxe Version)
181,Kesha,Cannibal,Cannibal (Expanded Edition)
182,Broken Bells,The High Road,Broken Bells
183,Train,Marry Me,"Save Me, San Francisco (Golden Gate Edition)"
184,Kenny Chesney,Somewhere With You,Hemingway's Whiskey
185,Drake,Miss Me,Thank Me Later
186,Juan Luis Guerra 4.40,Bachata En Fukuoka,Asondeguerra
187,Drake,The Resistance,Thank Me Later
188,Clay Walker,She Won't Be Lonely Long,She Won't Be Lonely Long
189,USHER,Hey Daddy (Daddy's Home),Raymond v Raymond (Expanded Edition)
190,Jerrod Niemann,"Lover, Lover",Judge Jerrod & The Hung Jury
191,Ellie Goulding,Lights - Single Version,Lights
192,Selena,Bidi Bidi Bom Bom,La Leyenda (Version Super Deluxe)
193,Brad Paisley,Whiskey Lullaby (feat. Alison Krauss),Hits Alive
194,Avenged Sevenfold,Welcome to the Family,Nightmare
195,Eminem,Space Bound,Recovery
196,Nicki Minaj,Your Love,Pink Friday
197,Waka Flocka Flame,Hard in Da Paint,Flockaveli
198,Daddy Yankee,La Despedida,Mundial (Deluxe Version)
199,Billy Currington,Let Me Down Easy,Enjoy Yourself
200,Brantley Gilbert,Kick It In The Sticks,Halfway To Heaven (Deluxe Edition)
201,Ludacris,How Low,Battle Of The Sexes (Deluxe)
202,Jason Aldean,Don't You Wanna Stay (with Kelly Clarkson),My Kinda Party
203,Stromae,Alors on danse - Radio Edit,Cheese
204,Plan B,¿por Que Te Demoras?,House Of Pleasure
205,T.I.,That's All She Wrote,No Mercy
206,P!nk,F**kin' Perfect - Radio Edit,F**kin' Perfect (Radio Edit)
207,MARINA,Hermit the Frog,The Family Jewels
208,Katy Perry,E.T.,Teenage Dream
209,Inner Circle,Sweat (A La La La La Long),Blazzin' Fire
210,Selena,Baila Esta Cumbia,La Leyenda (Version Super Deluxe)
211,Iration,Summer Nights,Summer Nights
212,Darius Rucker,Come Back Song,"Charleston, SC 1966"
213,Prince Royce,Stand by Me,Prince Royce
214,Alex G,Gnaw,Race
215,Alex G,TV,Race
216,Soulja Boy,Pretty Boy Swag,The DeAndre Way (Deluxe Explicit Version)
217,Hans Zimmer,Time,Inception (Music from the Motion Picture)
218,Taylor Swift,The Story Of Us,Speak Now
219,Donna Murphy,"Mother Knows Best - From ""Tangled""/Soundtrack Version",Tangled
220,Chino & Nacho,Niña Bonita,Mi Niña Bonita - Reloaded
221,USHER,More - RedOne Jimmy Joker Remix,More
222,Taio Cruz,Break Your Heart,The Rokstarr Hits Collection
223,John Fogerty,Centerfield,Centerfield - 25th Anniversary
224,Taylor Swift,Speak Now,Speak Now
225,Mac Miller,Ayye,K.I.D.S. (Deluxe)
226,Michael Franti & Spearhead,The Sound Of Sunshine,The Sound Of Sunshine
227,All That Remains,Now Let Them Tremble,For We Are Many
228,Shontelle,Impossible,No Gravity
229,Los Alegres Del Barranco,El 701,La Amanecida
230,Chris Tomlin,Our God,And If Our God Is For Us...
231,Los Buitres De Culiacan Sinaloa,Sanguinarios Del M1,Los Buitres Con Tololoche
232,Cody Jinks,Somewhere in the Middle,Less Wise
233,3OH!3,My First Kiss (feat. Ke$ha),Streets Of Gold
234,Prince Royce,El Amor Que Perdimos,Prince Royce
235,Edward Maya,Stereo Love - Radio Edit,Stereo Love
236,Don Omar,Hooka,Meet The Orphans
237,Of Mice & Men,SECOND & SEBRING,Of Mice & Men
238,Robyn,Dancing On My Own - Radio Edit,Body Talk
239,MARINA,Seventeen,The Family Jewels
240,Los Alegres de la Sierra,Asi Como Hoy,15 Exitos
241,Dread Mar I,Tu Sin Mi,Vivi En Do
242,Breaking Benjamin,Blow Me Away - Soundtrack Version,Blow Me Away
243,David Guetta,Sexy Chick (feat. Akon),One More Love
244,Easton Corbin,A Little More Country Than That,Easton Corbin
245,Heidi Montag,I'll Do It,Superficial
246,P!nk,F**kin' Perfect,Greatest Hits...So Far!!!
247,Metric,Black Sheep,Black Sheep
248,Justin Bieber,That Should Be Me,My World 2.0
249,Disturbed,Down with the Sickness,The Sickness (10th Anniversary Edition)
250,Kid Cudi,Mojo So Dope,Man On The Moon II: The Legend Of Mr. Rager
251,Diddy - Dirty Money,Coming Home,Last Train To Paris
252,The Irrepressibles,In This Shirt,Mirror Mirror
253,Jason Aldean,Tattoos on This Town,My Kinda Party
254,Bo Burnham,Art Is Dead,Words Words Words
255,Edward Maya,Stereo Love,Stereo Love
256,Sara Bareilles,King of Anything,Kaleidoscope Heart
257,Gyptian,Hold You - Hold Yuh,Hold You
258,Avenged Sevenfold,Buried Alive,Nightmare
259,Godsmack,Love-Hate-Sex-Pain,The Oracle (Deluxe Edition)
260,Los Inquietos Del Norte,Vamos a Darle Con Todo,Vamos a Darle Con Todo
261,10 Years,Fix Me,Feeding The Wolves (Deluxe Version)
262,Brantley Gilbert,Country Must Be Country Wide,Halfway To Heaven (Deluxe Edition)
263,Matisyahu,One Day,Light
264,Insane Clown Posse,Chop Chop Slide,Bang! Pow! Boom! Nuclear
265,The Black Keys,Everlasting Light,Brothers
266,Brantley Gilbert,You Don't Know Her Like I Do,Halfway To Heaven (Deluxe Edition)
267,La Luz Roja De San Marcos,Cumbia Sampuesana,Los Exitos Mas Calientes
268,Kanye West,Lost In The World,My Beautiful Dark Twisted Fantasy
269,Kings of Leon,Pyro,Come Around Sundown (Expanded Edition)
270,Kansas,Carry on Wayward Son,The Essential Kansas
271,El Trono de Mexico,Te Recordaré,Quiero Decirte Que Te Amo
272,Ryan Bingham,Hallelujah,Junky Star
273,Gorillaz,Plastic Beach (feat. Mick Jones and Paul Simonon),Plastic Beach
274,Avenged Sevenfold,So Far Away,Nightmare
275,Insane Clown Posse,To Catch a Predator,Bang! Pow! Boom! Nuclear
276,Miguel,Vixen,All I Want Is You
277,Black Eyed Peas,The Time (Dirty Bit),The Beginning (Deluxe)
278,Willie Colón,Idilio,Mis Favoritas
279,Turnpike Troubadours,Whole Damn Town,Diamonds & Gasoline
280,Kanye West,Hell Of A Life,My Beautiful Dark Twisted Fantasy
281,Taylor Swift,Dear John,Speak Now
282,Flight Facilities,Crave You - Adventure Club Remix,Crave You (Remixes)
283,Taylor Swift,Haunted,Speak Now
284,LCD Soundsystem,Dance Yrself Clean,This Is Happening
285,Shakira,Loca (feat. El Cata),Sale el Sol
286,Nelly Furtado,Promiscuous,The Best of Nelly Furtado (Deluxe)
287,Kesha,Grow A Pear,Cannibal (Expanded Edition)
288,Waka Flocka Flame,No Hands (feat. Roscoe Dash & Wale),No Hands (feat. Roscoe Dash & Wale)
289,Miley Cyrus,Can't Be Tamed,Can't Be Tamed
290,Taylor Swift,Last Kiss,Speak Now
291,John Powell,Test Drive - From How To Train Your Dragon Music From The Motion Picture,How To Train Your Dragon (Music From The Motion Picture)
292,Rihanna,Man Down,Loud
293,Turnpike Troubadours,Every Girl,Diamonds & Gasoline
294,Hinder,All American Nightmare,All American Nightmare
295,Don Omar,Taboo,Meet The Orphans
296,Wisin & Yandel,Estoy Enamorado,"Los Vaqueros, El Regreso"
297,Ghost,Ritual,Opus Eponymous
298,Girls' Generation,Gee,Oh! - The Second Album
299,Skrillex,Scary Monsters and Nice Sprites,Scary Monsters and Nice Sprites EP
300,Linkin Park,Waiting for the End,A Thousand Suns
301,Julión Álvarez y su Norteño Banda,Terrenal,Ni Lo Intentes
302,Evans Blue,Erase My Scars,Evans|Blue
303,Millionaires,Take Your Shirt Off,Cash Only
304,Maria Pseftoga,Memoir #02 [06.12.09],Memoir #02 [06.12.09]
305,Young the Giant,My Body - 2020 Remaster,Young The Giant (10th Anniversary Edition)
306,Martin Solveig,Hello (feat. Dragonette),Hello
307,Crystal Castles,Suffocation,Crystal Castles (II)
308,Lloyd Banks,"Beamer, Benz, Or Bentley",H.F.M. 2 (Hunger For More 2)
309,Alan Jackson,Remember When,34 Number Ones
310,Kid Cudi,Marijuana,Man On The Moon II: The Legend Of Mr. Rager
311,Big Hooch,Ughh(She Nasty),Ughh(She Nasty)
312,Los Buitres De Culiacan Sinaloa,El Tamarindo,Los Buitres Con Tololoche
313,Drake,Shut It Down,Thank Me Later
314,David Guetta,Who's That Chick? (feat. Rihanna),Who's That Chick?
315,Sarah McLachlan,"When She Loved Me - From ""Toy Story 2"" / Soundtrack Version",Toy Story Favorites
316,Selena Gomez & The Scene,A Year Without Rain,A Year Without Rain
317,Bruno Mars,Liquor Store Blues (feat. Damian Marley),Doo-Wops & Hooligans
318,Hannah Montana,I'll Always Remember You,Hannah Montana Forever
319,Shakira,Rabiosa (feat. Pitbull),Sale el Sol
320,Stegosaurus Rex,Nowhere To Run,The Dino Soars
321,MARINA,Girls,The Family Jewels
322,Iration,Falling,Time Bomb
323,Cartel De Santa,Bombos y Tarolas,Sincopa
324,Rob Baird,Fade Away,Blue Eyed Angels
325,Donna Murphy,"Mother Knows Best (Reprise) - From ""Tangled""/Soundtrack Version",Tangled
326,USHER,There Goes My Baby,Raymond v Raymond (Expanded Edition)
327,Shakira,Waka Waka (This Time for Africa) [The Official 2010 FIFA World Cup (TM) Song] (feat. Freshlyground),Listen Up! The Official 2010 FIFA World Cup Album
328,Nick Jonas,"Introducing Me - From ""Camp Rock 2: The Final Jam""",Camp Rock 2: The Final Jam
329,Drake,Show Me A Good Time,Thank Me Later
330,Brad Paisley,Mud On the Tires,Hits Alive
331,My Darkest Days,Every Lie,My Darkest Days
332,Willie Colón,Talento De Televisión,Mis Favoritas
333,Nicki Minaj,Roman's Revenge,Pink Friday
334,Kanye West,So Appalled,My Beautiful Dark Twisted Fantasy
335,Rascal Flatts,I Won't Let Go,Nothing Like This
336,Erykah Badu,Window Seat,New Amerykah Part Two: Return Of The Ankh
337,Los Tucanes De Tijuana,El Centenario,15 Primeros Exitos Vol. 1
338,Palomo,No Me Conoces Aún,Serie Diamante- 15 Súper Éxitos
339,The Green,Love I,The Green
340,Don Omar,Hasta Abajo,Meet The Orphans
341,Sanctus Real,Lead Me,Pieces Of A Real Heart
342,Big Time Rush,Worldwide,BTR
343,Marco Antonio Solís,¿A Dónde Vamos A Parar?,En Total Plenitud
344,Trampled by Turtles,Wait so Long,Palomino
345,The Steeldrivers,Good Corn Liquor,Reckless
346,Taylor Swift,Dear John,Speak Now (Deluxe Edition)
347,Drake,Unforgettable,Thank Me Later
348,The Naked And Famous,Punching In A Dream,"Passive Me, Aggressive You"
349,Swedish House Mafia,One - Radio Edit,One (Your Name)
350,Vicente Fernández,La Ley del Monte,Un Mexicano en la México
351,Banda Los Recoditos,Ando Bien Pedo,Ando Bien Pedo
352,Matt Duncan,Beacon,Beacon
353,Inner Circle,Bad Boys (Theme from COPS),Blazzin' Fire
354,Broken Bells,The Ghost Inside,Broken Bells
355,Pierce The Veil,The Boy Who Could Fly,Selfish Machines
356,Selena Gomez & The Scene,Round & Round,A Year Without Rain
357,Disturbed,Warrior,Asylum (Deluxe Edition)
358,Josh Abbott Band,She's Like Texas,She's Like Texas
359,Yelawolf,Pop The Trunk,Trunk Muzik 0-60
360,Taylor Swift,Enchanted,Speak Now (Deluxe Edition)
361,Taylor Swift,Long Live,Speak Now
362,Darius Rucker,This,"Charleston, SC 1966"
363,Tierra Cali,En Cambio Tú,Maldito Amor
364,Carla Morrison,Compartir,Mientras Tú Dormías
365,Alan Jackson,Freight Train,Freight Train
366,MGMT,Congratulations,Congratulations
367,A Day To Remember,Better Off This Way,What Separates Me From You
368,MARINA,The Family Jewels,The Family Jewels (Deluxe)
369,Shakira,Addicted to You,Sale el Sol
370,Fabrizio Paterlini,Rue des trois frères,Fragments Found
371,Arcade Fire,The Suburbs,The Suburbs (Deluxe)
372,Gorillaz,Stylo (feat. Mos Def and Bobby Womack),Plastic Beach
373,Robyn,Dancing On My Own,Body Talk Pt. 1
374,The Steeldrivers,Ghosts Of Mississippi,Reckless
375,Kid Cudi,GHOST!,Man On The Moon II: The Legend Of Mr. Rager
376,Nicki Minaj,Fly,Pink Friday
377,Randy Houser,Whistlin' Dixie,They Call Me Cadillac
378,Mandy Moore,"Healing Incantation - From ""Tangled""/Soundtrack Version",Tangled
379,Rihanna,Love The Way You Lie (Part II) - Pt. 2,Loud
380,Action Bronson,Imported Goods,Imported Goods
381,Kanye West,Blame Game,My Beautiful Dark Twisted Fantasy
382,A Day To Remember,2nd Sucks,What Separates Me From You
383,Fidel Rueda,Enhorabuena,Te Voy A Amar
384,Pierce The Veil,Million Dollar Houses (The Painter),Selfish Machines
385,Eminem,25 To Life,Recovery
386,YUI,again,HOLIDAYS IN THE SUN
387,Taylor Swift,Ours,Speak Now (Deluxe Edition)
388,Crystal Castles,Empathy,Crystal Castles (II)
389,Camila,Aléjate de Mí,Dejarte De Amar
390,Juan Luis Guerra 4.40,Mi Bendición,Asondeguerra
391,Gerardo Ortiz,En Preparacion,Ni Hoy Ni Manana
392,Canserbero,Pensando en Ti,Vida
393,Drake,Fireworks,Thank Me Later
394,Taylor Swift,Haunted,Speak Now (Deluxe Edition)
395,YG,Toot It And Boot It,Toot It And Boot It
396,Taylor Swift,Never Grow Up,Speak Now
397,Ramon Ayala Y Sus Bravos Del Norte,Tragos Amargos,Cruzando Fronteras
398,WILLOW,Whip My Hair,Whip My Hair
399,Saving Abel,The Sex Is Good,Miss America
400,Easton Corbin,Roll With It,Easton Corbin
401,Alan Menken,"Kingdom Dance - From ""Tangled""/Score",Tangled
402,Black Veil Brides,Knives and Pens,We Stitch These Wounds
403,Rob Zombie,What?,Hellbilly Deluxe 2 (Special Edition)
404,Dr. Dre,Kush - Main,Kush
405,Taylor Swift,Mean,Speak Now (Deluxe Edition)
406,Big Time Rush,Til I Forget About You,BTR
407,Kid Rock,Born Free,Born Free
408,Rihanna,California King Bed,Loud (Japan Version)
409,Alan Jackson,Where I Come From,34 Number Ones
410,Yelawolf,Daddy's Lambo,Trunk Muzik 0-60
411,Selena,La Carcacha,La Leyenda (Version Super Deluxe)
412,Randy Travis,"Forever and Ever, Amen",Top 10
413,Jason Derulo,Whatcha Say,Jason Derulo (Deluxe Audio)
414,Trey Songz,Can't Be Friends,"Passion, Pain & Pleasure (Deluxe Version)"
415,Big Time Rush,Big Time Rush,BTR
416,Erik Satie,Enfantillages pittoresques: II. Berceuse,"Satie: Complete Piano Works, Vol. 2/2"
417,Fidel Rueda,Aunque Te Duela,Cumpliendo Un Sueño
418,Los Titanes De Durango,El Prostipirugolfo,15 Exitos
419,Taylor Swift,Back To December,Speak Now (Deluxe Edition)
420,Rihanna,Only Girl (In The World),Loud
421,Taylor Swift,Sparks Fly,Speak Now (Deluxe Edition)
422,The Chordettes,Lollipop,The Chordettes' Best
423,Little Big Town,Little White Church,The Reason Why
424,Los Alegres de la Sierra,Y Si Volviera a Nacer,15 Exitos
425,Kings of Leon,Back Down South,Come Around Sundown (Expanded Edition)
426,Alfredo Olivas,Autorízame,El Patroncito
427,Chiddy Bang,Opposite of Adults,The Preview
428,Lifehouse,Halfway Gone,Smoke & Mirrors (Deluxe)
429,Enrique Iglesias,Tonight (I'm Fuckin' You),Euphoria
430,Grupo Innovacion,Medias Negras,Exitos Y Cumbias
431,Voz De Mando,Comandos Del M.P (500 Balazos),Con La Nueva Federación
432,Justin Bieber,Stuck In The Moment,My World 2.0
433,Josh Abbott Band,"Oh, Tonight (feat. Kacey Musgraves)",She's Like Texas
434,Lil Wayne,Bill Gates,I Am Not A Human Being
435,B.o.B,"Airplanes, Pt. II (feat. Eminem & Hayley Williams of Paramore)",B.o.B Presents: The Adventures of Bobby Ray
436,The Pretty Reckless,Make Me Wanna Die,Light Me Up
437,Get Scared,Whore,Best Kind Of Mess
438,Rihanna,S&M,Loud
439,A Day To Remember,Over My Head (Cable Car),Attack Of The Killer B-Sides
440,Jamey Johnson,Set 'Em Up Joe,The Guitar Song
441,Two Door Cinema Club,I Can Talk,Tourist History
442,Taylor Swift,Mine,Speak Now (Deluxe Edition)
443,Calle 13,Muerte En Hawaii,Entren Los Que Quieran
444,Aloe Blacc,I Need A Dollar,Good Things
445,Avenged Sevenfold,Natural Born Killer,Nightmare
446,Taylor Swift,Never Grow Up,Speak Now (Deluxe Edition)
447,Kanye West,All Of The Lights (Interlude),My Beautiful Dark Twisted Fantasy
448,Sleigh Bells,Rill Rill,Treats
449,John Powell,Romantic Flight - From How To Train Your Dragon Music From The Motion Picture,How To Train Your Dragon (Music From The Motion Picture)
450,Gerardo Ortiz,La Ultima Sombra,Ni Hoy Ni Manana
451,Ghost,Con Clavi Con Dio,Opus Eponymous
452,Beach House,Take Care,Teen Dream
453,El Trono de Mexico,Cielo De Estrellas,Quiero Decirte Que Te Amo
454,Flux Pavilion,I Can't Stop,I Can't Stop
455,bôa,Elephant,Twilight
456,Escape the Fate,This War Is Ours (The Guillotine II),This War Is Ours (Deluxe Edition)
457,Eminem,Won't Back Down,Recovery
458,Cosculluela,Prrrum,El Príncipe [Ghost Edition]
459,Pierce The Veil,The New National Anthem,Selfish Machines
460,Sufjan Stevens,Futile Devices,The Age of Adz
461,Trey Songz,Love Faces,"Passion, Pain & Pleasure (Deluxe Version)"
462,Jack Johnson,My Little Girl,To The Sea
463,El Movimiento Alterado,Estrategia De Escape,Carteles Unidos
464,Atmosphere,The Best Day,"To All My Friends, Blood Makes The Blade Holy: The Atmosphere EP's"
465,Greensky Bluegrass,Time > Breathe Reprise >,All Access: Volume One
466,Rick Ross,B.M.F. (Blowin' Money Fast),Teflon Don
467,Volbeat,Heaven Nor Hell,Beyond Hell / Above Heaven
468,B.o.B,Nothin' on You (feat. Bruno Mars),B.o.B Presents: The Adventures of Bobby Ray
469,Luniz,I Got 5 On It,Yukmouth Presents: 420
470,Calibre 50,Culiacán Vs. Mazatlán,Renovar O Morir
471,Journey,Don't Stop Believin',80s 100 Hits
472,Daft Punk,End of Line,TRON: Legacy - The Complete Edition (Original Motion Picture Soundtrack)
473,Justin Bieber,U Smile,My World 2.0
474,My Chemical Romance,Bulletproof Heart,Danger Days: The True Lives of the Fabulous Killjoys
475,Pierce The Veil,Besitos,Selfish Machines
476,Sean Kingston,Letting Go (Dutty Love) featuring Nicki Minaj (feat. Nicki Minaj),Letting Go (Dutty Love) featuring Nicki Minaj (feat. Nicki Minaj)
477,Two Door Cinema Club,This Is the Life,Tourist History
478,Ryan Bingham,I Don't Know,Crazy Heart: Original Motion Picture Soundtrack (Deluxe Edition)
479,Hannah Montana,Gonna Get This,Hannah Montana Forever
480,Demi Lovato,"Wouldn't Change a Thing - From ""Camp Rock 2: The Final Jam""",Camp Rock 2: The Final Jam
481,Sleeping With Sirens,The Bomb Dot Com V2.0,With Ears To See And Eyes To Hear
482,Crystal Castles,Empathy,Crystal Castles (II)
483,"Sergio Vega ""El Shaka""",Soy Tu Amante Y Que,Millonario De Amor
484,Linkin Park,Iridescent,A Thousand Suns
485,Alan Jackson,Livin' On Love,34 Number Ones
486,Roar,Heart For Brains,I Can't Handle Change
487,Finger Eleven,Living In A Dream,Life Turns Electric (BonusTrack Version)
488,Levert,Casanova,The Best of Gerald Levert
489,The Steeldrivers,Angel Of The Night,Reckless
490,Rihanna,Only Girl (In The World),Loud
491,Banda Los Recoditos,La Escuelita,Ando Bien Pedo
492,Intocable,Sueña,Super #1's
493,Slum Village,Fall In Love,"Fantastic, Vol. 2.10"
494,Deftones,Beauty School,Diamond Eyes (Deluxe)
495,Maxence Cyrin,Where Is My Mind,Novö Piano
496,Gorillaz,Superfast Jellyfish (feat. Gruff Rhys and De La Soul),Plastic Beach
497,Deerhunter,Revival,Halcyon Digest
498,Prince Royce,Mi Ultima Carta,Prince Royce
499,Camila,Bésame,Dejarte De Amar
500,The Ready Set,Love Like Woe,"I'm Alive, I'm Dreaming (Deluxe)"
501,LCD Soundsystem,I Can Change,This Is Happening
502,Tinie Tempah,Written in the Stars (feat. Eric Turner),Disc-Overy
503,Roscoe Dash,All The Way Turnt Up,Ready Set Go!
504,Linkin Park,The Catalyst,A Thousand Suns
505,Jaron And The Long Road To Love,Pray For You,Getting Dressed In The Dark
506,JJ Grey & Mofro,The Sweetest Thing,Georgia Warhorse
507,My Darkest Days,Porn Star Dancing,My Darkest Days
508,Taylor Swift,Last Kiss,Speak Now (Deluxe Edition)
509,Five For Fighting,Chances,Slice
510,Vampire Weekend,Holiday,Contra
511,Johnny Cash,Ain't No Grave,American VI: Ain't No Grave
512,Godsmack,Good Day To Die,The Oracle (Deluxe Edition)
513,Scarface,Smile,Greatest Hits
514,The Chordettes,Mr. Sandman,The Chordettes' Best
515,Eminem,Cold Wind Blows,Recovery
516,Darius Rucker,Southern State Of Mind,"Charleston, SC 1966"
517,Fabolous,You Be Killin Em,There Is No Competition 2: The Grieving Music Mixtape
518,"Sergio Vega ""El Shaka""",Millonario De Amor,Millonario De Amor
519,My Darkest Days,Move Your Body,My Darkest Days
520,Christopher Wilde,Hero,StarStruck
521,Black Rebel Motorcycle Club,Beat the Devil's Tattoo,Beat the Devil's Tattoo
522,Taylor Swift,Long Live,Speak Now (Deluxe Edition)
523,Mac Miller,Poppy,K.I.D.S.
524,Christina Aguilera,Show Me How You Burlesque (Burlesque) - Original Motion Picture Soundtrack,Burlesque Original Motion Picture Soundtrack
525,FLOW,Sign,MICROCOSM
526,Hannah Montana,Ordinary Girl,Hannah Montana Forever
527,J. Dash,Wop (Official Version),Wop (Official Version)
528,Elevation Worship,Give Me Faith,Kingdom Come
529,Kid Cudi,REVOFEV,Man On The Moon II: The Legend Of Mr. Rager
530,Emily Osment,Let's Be Friends,Fight Or Flight (Bonus Track Version)
531,Fidel Rueda,Me Encantaría,Te Voy A Amar
532,El Trono de Mexico,Creí,Quiero Decirte Que Te Amo
533,Jaheim,Finding My Way Back,Another Round
534,Bow Wow,Ain't Thinkin' 'Bout You,Aint Thinkin' Bout You
535,Pierce The Veil,I Don't Care If You're Contagious,Selfish Machines
536,Shakira,Rabiosa (feat. El Cata),Sale el Sol
537,Blake Shelton,Kiss My Country Ass,Hillbilly Bone
538,Wiz Khalifa,Mezmorized,Kush & Orange Juice
539,A Day To Remember,It's Complicated,What Separates Me From You
540,Local Natives,Wide Eyes,Gorilla Manor
541,Breakbot,Baby I'm Yours,Baby I'm Yours
542,Alan Jackson,It Must Be Love,34 Number Ones
543,Avenged Sevenfold,Danger Line,Nightmare
544,Stone Sour,Say You'll Haunt Me,Audio Secrecy
545,Kenny Chesney,The Boys of Fall,Hemingway's Whiskey
546,Drake,Light Up,Thank Me Later
547,Sick Puppies,Riptide,Tri-polar
548,John Lennon,Happy Xmas (War Is Over) - Remastered 2010,Signature Box
549,Grupo Bryndis,Doy La Vida Por Un Beso,Mas Alla Del Tiempo Y La Distancia
550,bôa,Fool,Twilight
551,Julión Álvarez y su Norteño Banda,Ni Lo Intentes,Ni Lo Intentes
552,Camila,De Qué Me Sirve la Vida,Dejarte De Amar
553,Pierce The Veil,Disasterology,Selfish Machines
554,My Chemical Romance,SING,Danger Days: The True Lives of the Fabulous Killjoys
555,Miguel,Quickie,All I Want Is You
556,Drake,Karaoke,Thank Me Later
557,Forever Jones,He Wants It All,Get Ready
558,Tame Impala,Solitude Is Bliss,InnerSpeaker
559,Taylor Swift,The Story Of Us,Speak Now (Deluxe Edition)
560,Stephen Hurd,Revelation 19:1,My Destiny
561,Alex G,Crab,Race
562,Edward Maya,Stereo Love - Radio Edit,Stereo Love
563,Matthew West,Strong Enough,The Story Of Your Life
564,Sean Kingston,Dumb Love,Dumb Love EP
565,SoulChef,Write This Down,Escapism
566,Sabaton,Primo Victoria,Primo Victoria (Re-Armed)
567,Rihanna,What's My Name?,Loud
568,Calle 13,La Vuelta Al Mundo,Entren Los Que Quieran
569,My Chemical Romance,Vampire Money,Danger Days: The True Lives of the Fabulous Killjoys
570,Hopsin,Sag My Pants,Raw
571,My Chemical Romance,Planetary (GO!),Danger Days: The True Lives of the Fabulous Killjoys
572,Ne-Yo,One In A Million,Libra Scale
573,Tech N9ne Collabos,Loud,The Gates Mixed Plate
574,Los Campesinos!,Romance Is Boring,Romance Is Boring
575,Disturbed,Stupify,The Sickness (10th Anniversary Edition)
576,The Black Jets,I Love Rock 'n' Roll,"ReCovered Hits, Vol. 2"
577,bôa,Duvet - Acoustic,Twilight
578,Los Incomparables De Tijuana,Sabiendo Quien Era Yo,30 Primeros Exitos
579,Lil Jon,Outta Your Mind,Crunk Rock (Deluxe)
580,Deftones,Diamond Eyes,Diamond Eyes (Deluxe)
581,Bonobo,Kong,Black Sands
582,Jason Derulo,Ridin' Solo,Jason Derulo (Deluxe Audio)
583,Chayanne,Me Enamoré de Ti,No Hay Imposibles
584,Anna Margaret,Something About the Sunshine,StarStruck
585,The Green,I'm Yours,The Green
586,Mac Miller,All I Want Is You,K.I.D.S.
587,Triumph,Lay It on the Line,Greatest Hits Remixed (Deluxe Edition)
588,Nicki Minaj,Super Bass,Pink Friday (Deluxe Edition)
589,Mac Miller,Don't Mind If I Do,K.I.D.S. (Deluxe)
590,Dread Mar I,Arbol Sin Hojas,Vivi En Do
591,Serani Poji,シュガーブー,MERRY GO ROUND JAILHOUSE
592,Wig Wam,Do Ya Wanna Taste It,Non Stop Rock'n Roll
593,College & Electric Youth,A Real Hero,A Real Hero EP
594,Robyn,Call Your Girlfriend,Body Talk
595,My Darkest Days,Come Undone,My Darkest Days
596,Kem,Share My Life,Intimacy
597,Zac Brown Band,No Hurry,You Get What You Give
598,Pierce The Veil,Fast Times at Clairemont High,Selfish Machines
599,My Chemical Romance,Summertime,Danger Days: The True Lives of the Fabulous Killjoys
600,David Guetta,Memories (feat. Kid Cudi),One More Love
601,Rihanna,S&M,Loud
602,Ryan Bingham,The Weary Kind,Junky Star
603,Massive Attack,Paradise Circus,Heligoland
604,Beta Radio,Either Way,Seven Sisters
605,Neon Trees,1983,Habits
606,Evelyn Evelyn,Evelyn Evelyn,Evelyn Evelyn
607,Kid Cudi,GHOST!,Man On The Moon II: The Legend Of Mr. Rager
608,Escape the Fate,Ashley,This War Is Ours (Deluxe Edition)
609,Ghost,Elizabeth,Opus Eponymous
610,Taylor Swift,Speak Now,Speak Now (Deluxe Edition)
611,Thomas Bergersen,Heart of Courage,Invincible
612,Brantley Gilbert,Take It Outside,Halfway To Heaven (Deluxe Edition)
613,Bruno Mars,The Other Side (feat. CeeLo Green and B.o.B),Doo-Wops & Hooligans
614,Kari Jobe,Revelation Song,Kari Jobe
615,Canserbero,Y la Felicidad Qué,Vida
616,Sabaton,Ghost Division,The Art of War (Re-Armed)
617,Ciara,Ride (feat. Ludacris),Basic Instinct
618,The Band Perry,You Lie,The Band Perry
619,Alex G,The Same,Race
620,Kanye West,All Of The Lights - Album Version (Edited),My Beautiful Dark Twisted Fantasy
621,Tierra Cali,Novia Bonita,Maldito Amor
622,Mac Miller,Outside,K.I.D.S. (Deluxe)
623,Taylor Swift,If This Was A Movie,Speak Now (Deluxe Edition)
624,Enrique Iglesias,Tonight (I'm Fuckin' You),Tonight (I'm Fuckin' You)
625,The National,Bloodbuzz Ohio,High Violet
626,Billy Ocean,"Get Outta My Dreams, Get Into My Car",The Very Best of Billy Ocean
627,Nicki Minaj,Right Thru Me,Pink Friday
628,Garrett Hedlund,Give In to Me,Country Strong (More Music from the Motion Picture)
629,Ellie Goulding,Your Song - Bonus Track,Bright Lights (Lights Re-pack / Bonus Version)
630,Jesús Adrián Romero,Tu Bandera,El Brillo De Mis Ojos (Edición Especial)
631,Blake Shelton,Who Are You When I'm Not Looking,All About Tonight
632,Shakira,Waka Waka (This Time for Africa) - K-Mix,Sale el Sol
633,Maná,Mariposa Traicionera,Six Pack: Maná - EP
634,Edward Maya,Stereo Love - Original,Stereo Love
635,Iyaz,Solo,Solo
636,Soundgarden,Hunted Down,Telephantasm (Deluxe Edition)
637,Arcade Fire,The Suburbs,The Suburbs
638,Phantogram,Mouthful of Diamonds,Eyelid Movies
639,Jamie Foxx,Fall For Your Type (feat. Drake),Best Night Of My Life
640,Katrina & The Waves,Walking On Sunshine (25th Anniversary) - 2010 Remaster,Walking on Sunshine
641,E-40,B*tch,Revenue Retrievin': Day Shift
642,Zac Brown Band,Can't You See (feat. Kid Rock) - Live,Pass the Jar [Zac Brown Band and Friends from the Fabulous Fox Theatre in Atlanta (Live)]
643,Reel Big Fish,Take On Me,The Best Of Us For The Rest Of Us
644,Los Alegres Del Barranco,20 Mujeres De Negro,De Parranda Con Los Alegres Del Barranco
645,Vicente Fernández,Ella,Un Mexicano en la México
646,Rihanna,What's My Name?,Loud
647,Johann Sebastian Bach,"Concerto en ré mineur, BWV 974: II. Adagio",Alexandre Tharaud: Baroque
648,"Evelyn ""Champagne"" King",Love Come Down - Single Version,Essential - Soul Love
649,Kid Cudi,Scott Mescudi Vs. The World,Man On The Moon II: The Legend Of Mr. Rager
650,Fitz and The Tantrums,Moneygrabber,Pickin' up the Pieces
651,Jazmine Sullivan,Holding You Down (Goin' in Circles),Love Me Back
652,Jack Johnson,You And Your Heart,To The Sea
653,The Lacs,Kickin Up Mud,Country Boy's Paradise
654,Ocean Waves For Sleep,Ocean Waves for Sleep,Ocean Waves
655,Pierce The Veil,Southern Constellations,Selfish Machines
656,Cody Jinks,Been Around,Less Wise
657,Bring Me The Horizon,It Never Ends,There Is A Hell Believe Me I've Seen It. There Is A Heaven Let's Keep It A Secret
658,Kings of Leon,Radioactive,Come Around Sundown (Expanded Edition)
659,USHER,Lil Freak (feat. Nicki Minaj),Raymond v Raymond (Expanded Edition)
660,Train,"Save Me, San Francisco","Save Me, San Francisco (Golden Gate Edition)"
661,Bruno Mars,Our First Time,Doo-Wops & Hooligans
662,Arcade Fire,Ready to Start,The Suburbs (Deluxe)
663,My Darkest Days,Still Worth Fighting For,My Darkest Days (Deluxe Edition)
664,Tame Impala,Why Won't You Make Up Your Mind?,InnerSpeaker
665,Tim McGraw,Something Like That,Number One Hits
666,Laura Shigihara,Loonboon,Plants Vs. Zombies (Original Video Game Soundtrack)
667,Marc Anthony,Y Cómo Es El,Iconos
668,Glee Cast,Valerie - Glee Cast Version,"Glee: The Music, Volume 4"
669,Chris Tomlin,I Will Follow,And If Our God Is For Us...
670,Frédéric Chopin,"Nocturne No. 1 in B flat minor, Op. 9 No. 1",Chopin: The Nocturnes
671,New Medicine,Rich Kids - [Middle Cla$$ MIX],Race You to the Bottom
672,DJ Khaled,"All I Do Is Win (feat. T-Pain, Ludacris, Snoop Dogg & Rick Ross)","All I Do Is Win (feat. T-Pain, Ludacris, Snoop Dogg & Rick Ross)"
673,Blake Shelton,Hillbilly Bone (feat. Trace Adkins),Hillbilly Bone
674,Shari Sloane,The Clean Up Song,Singing With Shari: Get Ready!
675,Sex Bob-Omb,Garbage Truck,Scott Pilgrim vs. the World (Original Motion Picture Soundtrack)
676,Lil Wayne,I'm Single,I Am Not A Human Being
677,The Green,Wake Up,The Green
678,Marvin Sapp,The Best In Me,Here I Am
679,The Laurie Berkner Band,The Goldfish,The Best Of The Laurie Berkner Band
680,Christina Aguilera,Bound To You - Burlesque Original Motion Picture Soundtrack,Burlesque Original Motion Picture Soundtrack
681,Trace Adkins,You're Gonna Miss This,Definitive Greatest Hits
682,Ben Cocks,So Cold (The Good Wife Trailer),...As Heard In
683,Ray LaMontagne,Beg Steal or Borrow (with The Pariah Dogs),God Willin' & The Creek Don't Rise
684,The Drums,Lets Go Surfing,The Drums
685,Mandy Moore,"When Will My Life Begin (Reprise 2) - From ""Tangled""/Soundtrack Version",Tangled
686,Marc Streitenfeld,Charge,Robin Hood (Original Motion Picture Soundtrack)
687,The California Honeydrops,When It Was Wrong,Spreadin' Honey
688,Ghost,Stand by Him,Opus Eponymous
689,La Arrolladora Banda El Limón De Rene Camacho,Ya No Te Buscaré,Todo Depende De Ti
690,Gretchen Wilson,Redneck Woman,Greatest Hits
691,Lil Wayne,Gonorrhea,I Am Not A Human Being
692,Andrew Belle,In My Veins - Feat. Erin Mccarley,In My Veins (Feat. Erin Mccarley)
693,Pigeon John,The Bomb,Dragon Slayer
694,Mann,Buzzin,Buzzin
695,Pedro Infante,Fallaste Corazón,Mexico Gran Colección Ranchera: Pedro Infante
696,John Fogerty,The Old Man Down The Road,Centerfield - 25th Anniversary
697,Flo Rida,Who Dat Girl (feat. Akon),Only One Flo (Part 1)
698,Miami Horror,Sometimes,Illumination
699,Taylor Swift,Innocent,Speak Now
700,Ozzy Osbourne,Let Me Hear You Scream,Scream (Expanded Edition)
701,Cultura Profética,Ilegal,La Dulzura
702,La Arrolladora Banda El Limón De Rene Camacho,Niña De Mi Corazón,Todo Depende De Ti
703,Farruko,Hola Beba,Hola Beba
704,10 Years,Shoot It Out,Feeding The Wolves (Deluxe Version)
705,Drake,Thank Me Now,Thank Me Later
706,Cascada,Bad Boy,Everytime We Touch (Premium Edition)
707,Daft Punk,"Derezzed - From ""TRON: Legacy""/Score",TRON: Legacy
708,Iration,Turn Around,Time Bomb
709,Ivy Queen,La Vida Es Así,Drama Queen (Deluxe Version)
710,Samuel Barber,Barber: Adagio for Strings,Samuel Barber - Adagio
711,El Movimiento Alterado,El Mini 6,Carteles Unidos
712,Apocalyptica,Not Strong Enough,7th Symphony
713,Grupo Laberinto,Nueve Caballos,Qué Barbaridad: Corridos y Rancheras
714,Brantley Gilbert,Hell On Wheels,Halfway To Heaven (Deluxe Edition)
715,MercyMe,Move,The Generous Mr. Lovewell
716,Los Creadorez Del Pasito Duranguense,Que Lástima,Serie Diamante-15 Súper Éxitos
717,Gorillaz,Broken,Plastic Beach
718,Katy Perry,Firework,Teenage Dream
719,MARINA,Hermit the Frog,The Family Jewels
720,Kanye West,POWER - Album Version (Edited),My Beautiful Dark Twisted Fantasy
721,Avenged Sevenfold,Save Me,Nightmare
722,The Steeldrivers,Can You Run,Reckless
723,Marc Streitenfeld,The Legend Begins,Robin Hood (Original Motion Picture Soundtrack)
724,Mikky Ekko,"Who Are You, Really?",Reds
725,Eminem,Going Through Changes,Recovery
726,John Powell,This Is Berk,How To Train Your Dragon (Music From The Motion Picture)
727,Brantley Gilbert,My Kind Of Crazy,Halfway To Heaven (Deluxe Edition)
728,Taylor Swift,Haunted - Acoustic Version,Speak Now (Deluxe Edition)
729,Bobby Alu,It’s Time,Bobby Alu
730,My Chemical Romance,DESTROYA,Danger Days: The True Lives of the Fabulous Killjoys
731,All That Remains,Hold On,For We Are Many
732,Eminem,W.T.P.,Recovery
733,Ra Ra Riot,Boy,The Orchard
734,Taylor Swift,Back To December - Acoustic,Speak Now (Deluxe Edition)
735,Jason Derulo,In My Head,Jason Derulo (Deluxe Audio)
736,Twista,Make A Movie,The Perfect Storm
737,Merchant Ships,Sleep Patterns,For Cameron
738,Miami Horror,I Look to You,Illumination
739,Will Reagan,Nothing I Hold on to (Live),Live at the Banks House
740,Campeche Show,A Donde Iras Ahora,30 Aniversario (Edición Limitada)
741,"Héctor Acosta ""El Torito""",Me Duele La Cabeza,Oblígame
742,Crystal Castles,Suffocation,Crystal Castles (II)
743,El Tigrillo Palma,Se Vale Soñar,20 Corridos Poderosos
744,Freestylers,Cracks - Flux Pavilion Remix,Cracks
745,The Downtown Fiction,I Just Wanna Run,Best I Never Had
746,Rascal Flatts,Easy,Nothing Like This
747,Tierra Cali,Maldito Amor,Maldito Amor
748,Sacred Earth,Breathing Space,Call to the Divine
749,Turnpike Troubadours,1968,Diamonds & Gasoline
750,Insane Clown Posse,Imma Kill U,Bang! Pow! Boom! Nuclear
751,Flo Rida,"Turn Around (5,4,3,2,1)",Only One Flo (Part 1)
752,Carlos Y Jose,Gabino Barrera,20 Exitos de Coleccion
753,Broken Bells,October,Broken Bells
754,Radical Face,Welcome Home,Touch the Sky (Welcome Home) - EP
755,Gerardo Ortiz,El Trokero Lokochon,Ni Hoy Ni Manana
756,Waka Flocka Flame,For My Dawgs,Flockaveli
757,Kenny Chesney,Coastal,Hemingway's Whiskey
758,Stromae,Alors On Danse - Remix - Explicit,Alors On Danse (Remix - Explicit)
759,bôa,Rain,Twilight
760,Ghost,Satan Prayer,Opus Eponymous
761,Volbeat,Fallen,Beyond Hell / Above Heaven
762,Labyrinth Ear,Navy Light,Oak
763,One Direction,Home,Rarities - EP
764,Maroon 5,Never Gonna Leave This Bed,Hands All Over (Deluxe)
765,OK Go,This Too Shall Pass,Of the Blue Colour of the Sky
766,Kendrick Lamar,She Needs Me (Remix),Overly Dedicated
767,Emancipator,Greenland,Safe in the Steep Cliffs
768,AC/DC,Thunderstruck,Iron Man 2
769,Ghostland Observatory,Sad Sad City,Paparazzi Lightning
770,A Day To Remember,"You Be Tails, I'll Be Sonic",What Separates Me From You
771,Waka Flocka Flame,No Hands (feat. Roscoe Dash and Wale),Flockaveli
772,Rihanna,Skin,Loud
773,Yelawolf,Box Chevy,Trunk Muzik 0-60
774,Canserbero,Ley del Hielo,Vida
775,Alan Jackson,Chasin' That Neon Rainbow,34 Number Ones
776,Gunter Kallmann Choir,Daydream,The Fantastic Sound Of
777,Tokio Hotel,Monsoon,Best Of (English Version)
778,Mac Miller,Back In The Day,K.I.D.S. (Deluxe)
779,Escape the Fate,Gorgeous Nightmare,Escape The Fate (Deluxe)
780,John Powell,Forbidden Friendship,How To Train Your Dragon (Music From The Motion Picture)
781,Mandy Moore,"When Will My Life Begin (Reprise 1) - From ""Tangled""/Soundtrack Version",Tangled
782,Frédéric Chopin,"Nocturne en Mi Bémol Majeur, Op. 9 No. 2","Chopin: Nocturnes, Vol. 1"
783,J Alvarez,Regalame Una Noche,El Movimiento: The Mixtape
784,Pierce The Veil,The Sky Under the Sea,Selfish Machines
785,Macklemore,And We Danced (feat. Ziggy Stardust),The Unplanned Mixtape
786,"Héctor Acosta ""El Torito""",Perdóname la Vida,The Ultimate Bachata Collection
787,ItaloBrothers,Stamp On The Ground,Stamp!
788,Enrique Iglesias,No Me Digas Que No,Euphoria (Standard US/Latin version)
789,Nicki Minaj,Moment 4 Life,Pink Friday (Complete Edition)
790,Eminem,Talkin’ 2 Myself,Recovery
791,Vampire Weekend,Horchata,Contra
792,Disturbed,The Animal,Asylum (Deluxe Edition)
793,Jason Aldean,Just Passing Through,My Kinda Party
794,The Dreadnoughts,Sleep Is for the Weak,Polka's Not Dead
795,Best Coast,Our Deal,Crazy for You
796,Alan Jackson,Little Bitty,34 Number Ones
797,Sabaton,Panzerkampf,The Art of War (Re-Armed)
798,The Jompson Brothers,On The Run,The Jompson Brothers
799,Tim McGraw,Live Like You Were Dying,Number One Hits
800,Rodney Atkins,It’s America,It's America
801,Gramatik,Muy Tranquilo,SB3
802,Christina Aguilera,Express - Burlesque Original Motion Picture Soundtrack,Burlesque Original Motion Picture Soundtrack
803,Kendrick Lamar,Ignorance Is Bliss,Overly Dedicated
804,Pharrell Williams,Despicable Me,Despicable Me
805,Cydia,serial killer,Lana
806,Gorillaz,To Binge (feat. Little Dragon),Plastic Beach
807,Duelo,Te Odio Y Te Amo,Solamente Tú
808,Daft Punk,"End of Line - From ""TRON: Legacy""/Score",TRON: Legacy
809,Michael Franti & Spearhead,Hey Hey Hey,The Sound Of Sunshine
810,Los Dinamicos Del Norte,La Rubia Y La Morena,30 Primeros Exitos
811,Wall Of Voodoo,Mexican Radio,Guilty Pleasures
812,Drake,Over,Over (Explicit Version)
813,Arcade Fire,Sprawl II (Mountains Beyond Mountains),The Suburbs (Deluxe)
814,Linkin Park,Wretches and Kings,A Thousand Suns
815,Fortunate Youth,Burn One,Up-Lifted EP
816,Flo Rida,Club Can't Handle Me (feat. David Guetta) - From the Step Up 3D Soundtrack,Club Can't Handle Me
817,Marc Streitenfeld,Fate Has Smiled Upon Us,Robin Hood (Original Motion Picture Soundtrack)
818,Pitbull,Maldito Alcohol (Pitbull vs. Afrojack),Armando
819,C-Murder,Down For My Niggaz,Trapped In Crime
820,Rihanna,Cheers (Drink To That),Loud
821,Justin Bieber,Overboard,My World 2.0
822,Katy Perry,Teenage Dream,Teenage Dream - Remix EP
823,Jeremih,I Like,All About You
824,Motionless In White,Abigail,Creatures
825,JJ Grey & Mofro,Beautiful World,Georgia Warhorse
826,Stacey Kent,Les eaux de mars,Raconte-moi... (Bonus Edition)
827,Michael Jackson,Hold My Hand (with Akon),Michael
828,Rihanna,Cheers (Drink To That),Loud (Japan Version)
829,bôa,Little Miss,Twilight
830,Ryan Bingham,The Poet,Junky Star
831,Justin Bieber,Runaway Love,My World 2.0
832,Tame Impala,Alter Ego,InnerSpeaker
833,The Green,What Will Be Will Be,The Green
834,Josh Thompson,Blame It On Waylon,Way Out Here
835,Jazmine Sullivan,10 Seconds,Love Me Back
836,Alex G,Trash,Race
837,Class Actress,Journal of Ardency,Journal of Ardency
838,Eminem,So Bad,Recovery
839,TAEYANG,Wedding Dress,Solar
840,Rock Mafia,The Big Bang,The Big Bang
841,Sleeping With Sirens,"With Ears to See, and Eyes to Hear",With Ears To See And Eyes To Hear
842,John Lennon,Instant Karma! (We All Shine On) - Remastered 2010,Signature Box
843,Billy Currington,Like My Dog,Enjoy Yourself
844,Pierce The Veil,Stay Away from My Friends,Selfish Machines
845,Jesse Watson,Chickin Lights And Chrome,Chickin Lights And Chrome - Single
846,Ray LaMontagne,For the Summer (with The Pariah Dogs),God Willin' & The Creek Don't Rise
847,Merle Haggard & The Strangers,Silver Wings,A Portrait Of
848,Kid Cudi,Trapped In My Mind,Man On The Moon II: The Legend Of Mr. Rager
849,Miranda Cosgrove,Kissin U,Sparks Fly (Deluxe Version)
850,Joy Division,Love Will Tear Us Apart - 2010 Remaster,Substance
851,Wiz Khalifa,Visions,Kush & Orange Juice
852,Avenged Sevenfold,God Hates Us,Nightmare
853,Common,The Light,Go! Common Classics
854,Ghost,Prime Mover,Opus Eponymous
855,Billy Ocean,"When the Going Gets Tough, The Tough Get Going",The Very Best of Billy Ocean
856,Isles & Glaciers,Clush,The Hearts of Lonely People
857,Kanye West,Who Will Survive In America,My Beautiful Dark Twisted Fantasy
858,Deftones,Sextape,Diamond Eyes (Deluxe)
859,Tenth Avenue North,You Are More,The Light Meets The Dark
860,El Trono de Mexico,El Uno Para El Otro,Quiero Decirte Que Te Amo
861,Justin Bieber,Never Let You Go,My World 2.0
862,Christopher Wilde,Starstruck,StarStruck
863,IU,Good day,REAL
864,Two Door Cinema Club,Cigarettes In the Theatre,Tourist History
865,MARINA,The Family Jewels,The Family Jewels
866,Voz De Mando,Chivo Tatemado,Impactos De Arranque
867,J Alvarez,Junto Al Amanecer,El Movimiento: The Mixtape
868,Nicki Minaj,Save Me,Pink Friday
869,El Movimiento Alterado,Carteles Unidos,Carteles Unidos
870,Pyotr Ilyich Tchaikovsky,"Tchaikovsky: The Nutcracker, Op. 71, Act II: No. 13, Waltz of the Flowers",Tchaikovsky: The Nutcracker
871,Tame Impala,It Is Not Meant To Be,InnerSpeaker
872,Lil Wayne,With You,I Am Not A Human Being
873,Vicente Fernández,El Hombre Que Más Te Amó,El Hombre Que Más Te Amo
874,Blaze Foley,Clay Pigeons,Sittin' by the Road
875,Chuy Lizarraga y Su Banda Tierra Sinaloense,¿Dónde Estas Presumida?,"Pistear, Pistear"
876,The Stone Foxes,Stomp,Bears & Bulls
877,Hinder,What Ya Gonna Do,All American Nightmare
878,Lifehouse,From Where You Are,Smoke & Mirrors
879,Hans Zimmer,Dream Is Collapsing,Inception (Music from the Motion Picture)
880,Rihanna,Skin,Loud (Japan Version)
881,Taylor Swift,Superman,Speak Now (Deluxe Edition)
882,Randy Travis,Diggin' Up Bones,Top 10
883,Cartel De Santa,Bombos y Tarolas,Sincopa
884,Vampire Weekend,Giving Up the Gun,Contra
885,The Lacs,Country Road,Country Boy's Paradise
886,Onision,I'm a Banana,Banana Songs
887,Nicki Minaj,Roman's Revenge,Pink Friday (Complete Edition)
888,Godsmack,Whiskey Hangover,The Oracle (Deluxe Edition)
889,k.d. lang,Constant Craving,Recollection
890,Justin Townes Earle,Harlem River Blues,Harlem River Blues
891,Hoobastank,The Reason,Best Of
892,Orianthi,According To You,Believe (II)
893,Bo Burnham,"Words, Words, Words (Studio)",Words Words Words
894,Alex G,House,Race
895,Enrique Iglesias,Cuando Me Enamoro,Euphoria
896,The Kiboomers,Ring Around the Rosie - 2014 Version,Top 30 Award-Winning Preschool Songs
897,Roar,Duck Or Ape,I Can't Handle Change
898,Waka Flocka Flame,O Let's Do It (feat. Cap),Flockaveli
899,will.i.am,Check It Out,Pink Friday (Complete Edition)
900,Kid Cudi,Ashin’ Kusher,Man On The Moon II: The Legend Of Mr. Rager
901,Keyshia Cole,Take Me Away,Calling All Hearts
902,Tokio Hotel,"Pain Of Love - Live, 12.04.2010, Mediolanum Forum Mailand, Italien",Humanoid City Live
903,David Guetta,Sexy Bitch (feat. Akon),One More Love
904,Pyotr Ilyich Tchaikovsky,"Tchaikovsky: The Nutcracker, Op. 71, Act II: No. 14a, Pas de deux. Andante maestoso",Tchaikovsky: The Nutcracker
905,All That Remains,The Last Time,For We Are Many
906,The Black Keys,Sinister Kid,Brothers
907,Kid Cudi,REVOFEV,Man On The Moon II: The Legend Of Mr. Rager
908,Sunidhi Chauhan,Sheila Ki Jawani,Tees Maar Khan
909,Vampire Weekend,Cousins,Contra
910,Linkin Park,The Messenger,A Thousand Suns
911,Sex Bob-Omb,Threshold,Scott Pilgrim vs. the World (Original Motion Picture Soundtrack)
912,Gungor,Beautiful Things,Beautiful Things
913,Brad Paisley,We Danced,Hits Alive
914,Dondria,You're the One,Dondria vs. Phatfffat
915,Avenged Sevenfold,Fiction,Nightmare
916,Disciple,"Dear X, You Don't Own Me",Horseshoes & Handgrenades
917,Dangermuffin,Moonscapes,Moonscapes
918,Caribou,Odessa,Swim
919,Anarbor,Gypsy Woman,The Words You Don't Swallow
920,Los Llayras,Ámame,Clásicas De La Cumbia Andina
921,Janelle Monáe,Tightrope (feat. Big Boi) - Big Boi Vocal Edit,The ArchAndroid
922,John Carpenter,Halloween Theme - Main Title,Halloween Motion Picture Soundtrack
923,Big Time Rush,Halfway There,BTR
924,La Mar-K De Tierra Caliente,Me Paresco Pero No Soy,Cada Vez Mas-Fuerte
925,CeeLo Green,Bright Lights Bigger City,The Lady Killer
926,Daft Punk,"The Son of Flynn - From ""TRON: Legacy""/Score",TRON: Legacy
927,Grupo Bryndis,Sin Ti,Un Bryndis Con Los Acosta
928,Alex G,Remember,Race
929,Grupo Innovacion,Tu Confidente,Exitos Y Cumbias
930,Nicky Lee,夏天,好玖
931,Ricchi E Poveri,Sera Porque Te Amo,Exclusive Ricchi E Poveri - 15 Exitos
932,The Tallest Man On Earth,Love is All,The Wild Hunt
933,Agnes Obel,Riverside,Philharmonics
934,Tierra Cali,Por Que Te Amo,Maldito Amor
935,Marc Streitenfeld,Sherwood Forest,Robin Hood (Original Motion Picture Soundtrack)
936,The Black Keys,Next Girl,Brothers
937,Espinoza Paz,Ésta Es Pa´ Mi Viejo,Del Rancho para el Mundo
938,King Fantastic,Bonfire Sessions,Finger Snaps and Gun Claps
939,Palomo,Nos Faltó,Serie Diamante- 15 Súper Éxitos
940,Nicki Minaj,Did It On’em,Pink Friday (Complete Edition)
941,Shinyribs,Who Built the Moon,Well After Awhile
942,Barbara Milne,Letter Sounds (apple apple aaa),Sounds Like Fun by Barbara Milne
943,Nino Rota,La dolce vita,Original Music for the Movies of Federico Fellini
944,Train,If It's Love,"Save Me, San Francisco (Golden Gate Edition)"
945,AC/DC,Back In Black,Iron Man 2
946,Grupo G,La Inconforme,Las Mejores Cumbias Sonideras
947,Campeche Show,El Santo Del Amor,30 Aniversario (Edición Limitada)
948,Los Buitres De Culiacan Sinaloa,Demonios Empecherados,Los Buitres Con Tololoche
949,Kevin Rudolf,I Made It (Cash Money Heroes),To The Sky
950,Grupo Laberinto,Caballos Del Pantanal,Qué Barbaridad: Corridos y Rancheras
951,Tim McGraw,Felt Good On My Lips,Number One Hits
952,Daft Punk,Derezzed,TRON: Legacy - The Complete Edition (Original Motion Picture Soundtrack)
953,Jason Aldean,Heartache That Don't Stop Hurting,My Kinda Party
954,SMO,Kickin It In Tennessee,American Made
955,Canserbero,Perdiendo la Fe,Vida
956,Cultura Profética,La Complicidad,La Dulzura
957,Lifehouse,Falling In,Smoke & Mirrors (Deluxe)
958,My Chemical Romance,Party Poison,Danger Days: The True Lives of the Fabulous Killjoys
959,The Black Keys,She's Long Gone,Brothers
960,Disturbed,Another Way to Die,Asylum (Deluxe Edition)
961,Motionless In White,Immaculate Misconception,Creatures
962,MercyMe,Beautiful,The Generous Mr. Lovewell
963,Jamey Johnson,Lonely At The Top,The Guitar Song
964,Jason Aldean,Country Boy's World,My Kinda Party
965,Cartel De Santa,Volar Volar,Sincopa
966,Big Time Rush,Count On You (feat. Jordin Sparks),BTR
967,Beach House,Zebra,Teen Dream
968,Skrillex,Kill EVERYBODY,Scary Monsters and Nice Sprites EP
969,Erykah Badu,"Gone Baby, Don't Be Long",New Amerykah Part Two: Return Of The Ankh
970,Metric,Black Sheep - Brie Larson Vocal Version / Bonus Track,Scott Pilgrim Vs. The World (Original Motion Picture Soundtrack Expanded Edition)
971,Sharon Jones & The Dap-Kings,Better Things,I Learned the Hard Way
972,Canserbero,Aceptas,Vida
973,Best Coast,When I'm With You,Crazy for You
974,The Spiral Starecase,More Today Than Yesterday,More Today Than Yesterday
975,Ricchi E Poveri,Donde Estaras,Exclusive Ricchi E Poveri - 15 Exitos
976,T.I.,Poppin Bottles,No Mercy
977,dalves,Frailty,Bokenheart
978,Broken Bells,The Mall & Misery,Broken Bells
979,Chiddy Bang,Mind Your Manners (feat. Icona Pop),Breakfast
980,Margarita la diosa de la cumbia,Que nadie sepa mi sufrir (Amor de mis amores),30 Aniversario
981,Mr Twin Sister,Meet the Frownies,Meet the Frownies
982,Jason Aldean,Texas Was You,My Kinda Party
983,TeddyLoid,Fly Away,Panty & Stocking with Garterbelt The Original Soundtrack
984,Ramon Ayala Y Sus Bravos Del Norte,Rinconcito En El Cielo,Cruzando Fronteras
985,Jan & Dean,Surf City,Surf City And Other Swingin' Cities
986,The Roots,The Fire,How I Got Over
987,Reba McEntire,Turn On The Radio,All The Women I Am
988,Band of Horses,Laredo,Infinite Arms
989,Charlie Wilson,You Are,Just Charlie
990,Avenged Sevenfold,Victim,Nightmare
991,Bunbury,Frente a frente (feat. Tulsa),Las Consecuencias
992,Brian Simpson,Never Without You,South Beach
993,12 Stones,We Are One,The Only Easy Day Was Yesterday
994,Jason Aldean,See You When I See You,My Kinda Party
995,Lifehouse,All In,Smoke & Mirrors (Deluxe)
996,Big K.R.I.T.,Country Sh*t,Country Sh*t
997,Daft Punk,"Solar Sailer - From ""TRON: Legacy""/Score",TRON: Legacy
998,Mac Miller,Good Evening,K.I.D.S. (Deluxe)
999,Wiz Khalifa,Still Blazin (feat. Alborosie),Kush & Orange Juice
