,track,artist,album,track_popularity
0,Sure Thing,Miguel,All I Want Is You,89
1,The Spins,Mac Miller,K.I.D.S. (Deluxe),84
2,Just the Way You Are,Bruno Mars,Doo-Wops & Hooligans,86
3,No Hands (feat. Roscoe Dash & Wale),Waka Flocka Flame,Flockaveli,79
4,Duvet,bôa,Twilight,84
5,Girl With The Tattoo Enter.lewd,Miguel,All I Want Is You,82
6,Knee Deep (feat. Jimmy Buffett),Zac Brown Band,You Get What You Give,78
7,Super Bass,Nicki Minaj,Pink Friday (Complete Edition),82
8,"Hey, Soul Sister",Train,"Save Me, San Francisco (Golden Gate Edition)",85
9,Grenade,Bruno Mars,Doo-Wops & Hooligans,80
10,Devil In A New Dress,Kanye West,My Beautiful Dark Twisted Fantasy,81
11,TiK ToK,Kesha,Animal (Expanded Edition),84
12,Talking to the Moon,Bruno Mars,Doo-Wops & Hooligans,83
13,Last Friday Night (T.G.I.F.),Katy Perry,Teenage Dream,77
14,I Can't Handle Change,Roar,I Can't Handle Change,81
15,Dirt Road Anthem,Jason Aldean,My Kinda Party,76
16,Only Girl (In The World),Rihanna,Loud (Japan Version),84
17,Je te laisserai des mots,Patrick Watson,Je te laisserai des mots,85
18,Runaway,Kanye West,My Beautiful Dark Twisted Fantasy,81
19,All Of The Lights,Kanye West,My Beautiful Dark Twisted Fantasy,80
20,Danza Kuduro,Don Omar,Meet The Orphans,83
21,Where'd All the Time Go?,Dr. Dog,"Shame, Shame (Deluxe Edition)",80
22,Enchanted,Taylor Swift,Speak Now,75
23,Love The Way You Lie,Eminem,Recovery,85
24,Christmas Kids,Roar,I Can't Handle Change,82
25,Teenage Dream,Katy Perry,Teenage Dream,76
26,DJ Got Us Fallin' In Love (feat. Pitbull),USHER,Raymond v Raymond (Expanded Edition),82
27,S&M,Rihanna,Loud (Japan Version),81
28,POWER,Kanye West,My Beautiful Dark Twisted Fantasy,80
29,What You Know,Two Door Cinema Club,Tourist History,76
30,Baby,Justin Bieber,My World 2.0,83
31,Marry You,Bruno Mars,Doo-Wops & Hooligans,78
32,"Moves Like Jagger - Studio Recording From ""The Voice"" Performance",Maroon 5,Hands All Over,74
33,Over,Drake,Thank Me Later,73
34,Raise Your Glass,P!nk,Raise Your Glass,81
35,California Gurls,Katy Perry,Teenage Dream,74
36,Cooler Than Me - Single Mix,Mike Posner,31 Minutes to Takeoff,78
37,Bottoms Up (feat. Nicki Minaj),Trey Songz,"Passion, Pain & Pleasure (Deluxe Version)",74
38,Fancy,Drake,Thank Me Later,72
39,Animal,Neon Trees,Habits,72
40,Nothin' on You (feat. Bruno Mars),B.o.B,B.o.B Presents: The Adventures of Bobby Ray,79
41,Es un Secreto,Plan B,House Of Pleasure,71
42,All I Want Is You (feat. J. Cole),Miguel,All I Want Is You,74
43,Mr. Rager,Kid Cudi,Man On The Moon II: The Legend Of Mr. Rager,72
44,The One That Got Away,Katy Perry,Teenage Dream,74
45,Runaway Baby,Bruno Mars,Doo-Wops & Hooligans,74
46,Like A G6,Far East Movement,Free Wired,72
47,OMG (feat. will.i.am),USHER,Raymond v Raymond (Expanded Edition),76
48,Just Can’t Get Enough,Black Eyed Peas,The Beginning,79
49,The Lazy Song,Bruno Mars,Doo-Wops & Hooligans,76
50,Colder Weather,Zac Brown Band,You Get What You Give,72
51,Not Afraid,Eminem,Recovery,81
52,Airplanes (feat. Hayley Williams of Paramore),B.o.B,B.o.B Presents: The Adventures of Bobby Ray,78
53,Firework,Katy Perry,Teenage Dream,73
54,Dynamite,Taio Cruz,Rokstarr,72
55,Need You Now,Lady A,Need You Now,73
56,Nikes on My Feet,Mac Miller,K.I.D.S.,76
57,Rhinestone Eyes,Gorillaz,Plastic Beach,79
58,Down On Me,Jeremih,All About You,76
59,Everytime We Touch,Cascada,Everytime We Touch (Premium Edition),74
60,Knock Knock,Mac Miller,K.I.D.S.,73
61,Corazón Sin Cara,Prince Royce,Prince Royce,76
62,Right Above It,Lil Wayne,I Am Not A Human Being,72
63,Hippies and Cowboys,Cody Jinks,Less Wise,70
64,Count on Me,Bruno Mars,Doo-Wops & Hooligans,76
65,Find Your Love,Drake,Thank Me Later,70
66,Mr. Rager,Kid Cudi,Man On The Moon II: The Legend Of Mr. Rager,75
67,Just A Dream,Nelly,5.0,77
68,Whatcha Say,Jason Derulo,Jason Derulo,69
69,Rocketeer,Far East Movement,Free Wired,69
70,On Melancholy Hill,Gorillaz,Plastic Beach,79
71,Aston Martin Music,Rick Ross,Teflon Don,72
72,Moment 4 Life,Nicki Minaj,Pink Friday,73
73,Erase Me - Main,Kid Cudi,Man On The Moon II: The Legend Of Mr. Rager,72
74,Club Can't Handle Me (feat. David Guetta),Flo Rida,Only One Flo (Part 1),80
75,If I Die Young,The Band Perry,The Band Perry,69
76,Why Don't We Just Dance,Josh Turner,Haywire,70
77,Si No Le Contesto,Plan B,House Of Pleasure,68
78,We R Who We R,Kesha,Cannibal (Expanded Edition),74
79,Where Rainbows Never Die,The Steeldrivers,Reckless,69
80,Dynamite,Taio Cruz,The Rokstarr Hits Collection,79
81,Your Love Is My Drug,Kesha,Animal (Expanded Edition),72
82,Howlin' for You,The Black Keys,Brothers,69
83,Big Jet Plane,Angus & Julia Stone,Down the Way,71
84,Kool Aid & Frozen Pizza,Mac Miller,K.I.D.S.,72
85,Things to Do,Alex G,Race,73
86,Undercover Martyn,Two Door Cinema Club,Tourist History,70
87,Fuck You,CeeLo Green,The Lady Killer,69
88,Monster,Kanye West,My Beautiful Dark Twisted Fantasy,73
89,Up All Night,Drake,Thank Me Later,68
90,Silver Soul,Beach House,Teen Dream,69
91,Back To December,Taylor Swift,Speak Now,68
92,Nightmare,Avenged Sevenfold,Nightmare,73
93,You're Going Down,Sick Puppies,Tri-polar,68
94,What's My Name?,Rihanna,Loud (Japan Version),74
95,"When Will My Life Begin? - From ""Tangled"" / Soundtrack Version",Mandy Moore,Tangled,72
96,Caraphernelia,Pierce The Veil,Selfish Machines,70
97,My Kinda Party,Jason Aldean,My Kinda Party,68
98,Porn Star Dancing,My Darkest Days,My Darkest Days,69
99,Break Your Heart,Taio Cruz,Rokstarr,69
100,Oh No!,MARINA,The Family Jewels,73
101,My Chick Bad,Ludacris,Battle Of The Sexes (Deluxe),69
102,Nightcall,Kavinsky,Nightcall,76
103,Backstabber,Kesha,Animal (Expanded Edition),75
104,Cuando Me Enamoro,Enrique Iglesias,Euphoria (Standard US/Latin version),74
105,Ridin' Solo,Jason Derulo,Jason Derulo,66
106,Rechazame,Prince Royce,Prince Royce,75
107,Gorgeous,Kanye West,My Beautiful Dark Twisted Fantasy,72
108,Twilight,bôa,Twilight,72
109,Un-thinkable (I'm Ready) (feat. Drake) - Remix,Alicia Keys,Un-thinkable (I'm Ready) (feat. Drake) [Remix],70
110,I Like It,Enrique Iglesias,Euphoria (Standard US/Latin version),68
111,Pretty Good At Drinkin' Beer,Billy Currington,Enjoy Yourself,67
112,Are You Satisfied?,MARINA,The Family Jewels,71
113,Fly Over States,Jason Aldean,My Kinda Party,66
114,Long Hot Summer Day,Turnpike Troubadours,Diamonds & Gasoline,66
115,Lights,Ellie Goulding,An Introduction To Ellie Goulding EP,66
116,Billionaire (feat. Bruno Mars),Travie McCoy,Lazarus,74
117,Dark Fantasy,Kanye West,My Beautiful Dark Twisted Fantasy,72
118,Love Like Crazy,Lee Brice,Love Like Crazy,67
119,"I See the Light - From ""Tangled"" / Soundtrack Version",Mandy Moore,Tangled,71
120,Young Blood,The Naked And Famous,"Passive Me, Aggressive You",70
121,Diamonds & Gasoline,Turnpike Troubadours,Diamonds & Gasoline,66
122,It's Five O'Clock Somewhere,Alan Jackson,34 Number Ones,68
123,As She's Walking Away (feat. Alan Jackson),Zac Brown Band,You Get What You Give,67
124,A Warrior's Call,Volbeat,Beyond Hell / Above Heaven,71
125,Black Sheep - Brie Larson Vocal Version,Metric,Black Sheep (Brie Larson Vocal Version),71
126,American Honey,Lady A,Need You Now,67
127,Stuck Like Glue,Sugarland,The Incredible Machine,67
128,Nothing on You,B.o.B,May 25th,79
129,Cryin' Like A Bitch!!,Godsmack,The Oracle (Deluxe Edition),68
130,Sarcasm,Get Scared,Best Kind Of Mess,69
131,Magic (feat. Rivers Cuomo),B.o.B,B.o.B Presents: The Adventures of Bobby Ray,68
132,"All I Do Is Win (feat. T-Pain, Ludacris, Snoop Dogg & Rick Ross)",DJ Khaled,Victory,71
133,Cinderella Man,Eminem,Recovery,71
134,Blow,Kesha,Cannibal (Expanded Edition),71
135,Race,Alex G,Race,70
136,Mean,Taylor Swift,Speak Now,65
137,No Love,Eminem,Recovery,72
138,The Spins,Mac Miller,K.I.D.S.,67
139,Mine,Taylor Swift,Speak Now,65
140,All I Want,A Day To Remember,What Separates Me From You,70
141,Please Don't Go,Mike Posner,31 Minutes to Takeoff,69
142,You and Tequila (feat. Grace Potter),Kenny Chesney,Hemingway's Whiskey,66
143,Billionaire (feat. Bruno Mars),Travie McCoy,Billionaire (feat. Bruno Mars),76
144,Tighten Up,The Black Keys,Brothers,65
145,Farmer's Daughter,Rodney Atkins,It's America,66
146,In My Head,Jason Derulo,Jason Derulo,64
147,Sparks Fly,Taylor Swift,Speak Now,64
148,Forget You,CeeLo Green,The Lady Killer,66
149,Did It On’em,Nicki Minaj,Pink Friday,68
150,Your Betrayal,Bullet For My Valentine,Fever,70
151,All Signs Point To Lauderdale,A Day To Remember,What Separates Me From You,68
152,Misery,Maroon 5,Hands All Over (Deluxe),64
153,7 & 7,Turnpike Troubadours,Diamonds & Gasoline,64
154,Bulletproof Love,Pierce The Veil,Selfish Machines,66
155,Somebody To Love,Justin Bieber,My World 2.0,72
156,Something That I Want,Grace Potter,Tangled,67
157,Na Na Na (Na Na Na Na Na Na Na Na Na),My Chemical Romance,Danger Days: The True Lives of the Fabulous Killjoys,71
158,Take It Off,Kesha,Animal (Expanded Edition),70
159,Boyfriend,Big Time Rush,BTR,66
160,Time Bomb,Iration,Time Bomb,63
161,Grove St. Party (feat. Kebo Gotti),Waka Flocka Flame,Flockaveli,64
162,Blah Blah Blah (feat. 3OH!3),Kesha,Animal (Expanded Edition),69
163,Blow My Brains Out,Tikkle Me,Tikkle Me,69
164,Better Than Revenge,Taylor Swift,Speak Now,64
165,"I've Got a Dream - From ""Tangled""/Soundtrack Version",Mandy Moore,Tangled,67
166,When I'm Small,Phantogram,Eyelid Movies,64
167,Better Than Revenge,Taylor Swift,Speak Now (Deluxe Edition),64
168,¿Por Qué Me Haces Llorar?,Juan Gabriel,Juan Gabriel,76
169,Pretty Girl Rock,Keri Hilson,No Boys Allowed,66
170,Rhythm Of Love,Plain White T's,Wonders Of The Younger,63
171,Empire Ants (feat. Little Dragon),Gorillaz,Plastic Beach,70
172,Senior Skip Day,Mac Miller,K.I.D.S.,66
173,Something Good Can Work,Two Door Cinema Club,Tourist History,65
174,Need You Now,Lady A,Need You Now,66
175,Keep Me in Mind,Zac Brown Band,You Get What You Give,64
176,Mientes,Camila,Dejarte De Amar,78
177,Caribbean Queen (No More Love On the Run),Billy Ocean,The Very Best of Billy Ocean,73
178,Love Don't Change,Jeremih,All About You,68
179,Cannibal,Kesha,Cannibal (Expanded Edition),69
180,Hey Daddy (Daddy's Home),USHER,Raymond v Raymond (Expanded Edition),68
181,"If I'm James Dean, You're Audrey Hepburn",Sleeping With Sirens,With Ears To See And Eyes To Hear,66
182,The High Road,Broken Bells,Broken Bells,68
183,Long Hot Summer,Keith Urban,Get Closer (Deluxe Version),64
184,Somewhere With You,Kenny Chesney,Hemingway's Whiskey,63
185,Marry Me,Train,"Save Me, San Francisco (Golden Gate Edition)",69
186,Bachata En Fukuoka,Juan Luis Guerra 4.40,Asondeguerra,75
187,The Resistance,Drake,Thank Me Later,63
188,Miss Me,Drake,Thank Me Later,63
189,She Won't Be Lonely Long,Clay Walker,She Won't Be Lonely Long,64
190,"Lover, Lover",Jerrod Niemann,Judge Jerrod & The Hung Jury,63
191,Lights - Single Version,Ellie Goulding,Lights,64
192,Bidi Bidi Bom Bom,Selena,La Leyenda (Version Super Deluxe),68
193,Whiskey Lullaby (feat. Alison Krauss),Brad Paisley,Hits Alive,65
194,La Despedida,Daddy Yankee,Mundial (Deluxe Version),77
195,Your Love,Nicki Minaj,Pink Friday,66
196,Space Bound,Eminem,Recovery,71
197,Welcome to the Family,Avenged Sevenfold,Nightmare,68
198,Hard in Da Paint,Waka Flocka Flame,Flockaveli,64
199,Let Me Down Easy,Billy Currington,Enjoy Yourself,63
200,Kick It In The Sticks,Brantley Gilbert,Halfway To Heaven (Deluxe Edition),62
201,Alors on danse - Radio Edit,Stromae,Cheese,80
202,How Low,Ludacris,Battle Of The Sexes (Deluxe),65
203,¿por Que Te Demoras?,Plan B,House Of Pleasure,62
204,Don't You Wanna Stay (with Kelly Clarkson),Jason Aldean,My Kinda Party,63
205,That's All She Wrote,T.I.,No Mercy,69
206,F**kin' Perfect - Radio Edit,P!nk,F**kin' Perfect (Radio Edit),71
207,E.T.,Katy Perry,Teenage Dream,64
208,Hermit the Frog,MARINA,The Family Jewels,68
209,Sweat (A La La La La Long),Inner Circle,Blazzin' Fire,75
210,Baila Esta Cumbia,Selena,La Leyenda (Version Super Deluxe),67
211,TV,Alex G,Race,66
212,Stand by Me,Prince Royce,Prince Royce,68
213,Gnaw,Alex G,Race,65
214,Summer Nights,Iration,Summer Nights,62
215,Come Back Song,Darius Rucker,"Charleston, SC 1966",62
216,Pretty Boy Swag,Soulja Boy,The DeAndre Way (Deluxe Explicit Version),64
217,Time,Hans Zimmer,Inception (Music from the Motion Picture),74
218,"Mother Knows Best - From ""Tangled""/Soundtrack Version",Donna Murphy,Tangled,65
219,Niña Bonita,Chino & Nacho,Mi Niña Bonita - Reloaded,75
220,The Story Of Us,Taylor Swift,Speak Now,62
221,More - RedOne Jimmy Joker Remix,USHER,More,72
222,Break Your Heart,Taio Cruz,The Rokstarr Hits Collection,73
223,Centerfield,John Fogerty,Centerfield - 25th Anniversary,64
224,Ayye,Mac Miller,K.I.D.S. (Deluxe),65
225,Speak Now,Taylor Swift,Speak Now,62
226,The Sound Of Sunshine,Michael Franti & Spearhead,The Sound Of Sunshine,61
227,Now Let Them Tremble,All That Remains,For We Are Many,66
228,Impossible,Shontelle,No Gravity,69
229,El 701,Los Alegres Del Barranco,La Amanecida,66
230,Our God,Chris Tomlin,And If Our God Is For Us...,65
231,Sanguinarios Del M1,Los Buitres De Culiacan Sinaloa,Los Buitres Con Tololoche,69
232,Somewhere in the Middle,Cody Jinks,Less Wise,61
233,Stereo Love - Radio Edit,Edward Maya,Stereo Love,72
234,My First Kiss (feat. Ke$ha),3OH!3,Streets Of Gold,64
235,El Amor Que Perdimos,Prince Royce,Prince Royce,68
236,Hooka,Don Omar,Meet The Orphans,76
237,Seventeen,MARINA,The Family Jewels,64
238,SECOND & SEBRING,Of Mice & Men,Of Mice & Men,64
239,Dancing On My Own - Radio Edit,Robyn,Body Talk,61
240,Asi Como Hoy,Los Alegres de la Sierra,15 Exitos,69
241,I'll Do It,Heidi Montag,Superficial,72
242,Sexy Chick (feat. Akon),David Guetta,One More Love,62
243,Tu Sin Mi,Dread Mar I,Vivi En Do,79
244,A Little More Country Than That,Easton Corbin,Easton Corbin,61
245,Blow Me Away - Soundtrack Version,Breaking Benjamin,Blow Me Away,61
246,Black Sheep,Metric,Black Sheep,65
247,F**kin' Perfect,P!nk,Greatest Hits...So Far!!!,66
248,That Should Be Me,Justin Bieber,My World 2.0,72
249,Mojo So Dope,Kid Cudi,Man On The Moon II: The Legend Of Mr. Rager,62
250,Tattoos on This Town,Jason Aldean,My Kinda Party,61
251,King of Anything,Sara Bareilles,Kaleidoscope Heart,62
252,Hold You - Hold Yuh,Gyptian,Hold You,70
253,Buried Alive,Avenged Sevenfold,Nightmare,66
254,Fix Me,10 Years,Feeding The Wolves (Deluxe Version),61
255,Chop Chop Slide,Insane Clown Posse,Bang! Pow! Boom! Nuclear,63
256,Country Must Be Country Wide,Brantley Gilbert,Halfway To Heaven (Deluxe Edition),60
257,Vamos a Darle Con Todo,Los Inquietos Del Norte,Vamos a Darle Con Todo,65
258,One Day,Matisyahu,Light,59
259,Everlasting Light,The Black Keys,Brothers,60
260,Cumbia Sampuesana,La Luz Roja De San Marcos,Los Exitos Mas Calientes,64
261,You Don't Know Her Like I Do,Brantley Gilbert,Halfway To Heaven (Deluxe Edition),60
262,Lost In The World,Kanye West,My Beautiful Dark Twisted Fantasy,65
263,Pyro,Kings of Leon,Come Around Sundown (Expanded Edition),69
264,Te Recordaré,El Trono de Mexico,Quiero Decirte Que Te Amo,66
265,Plastic Beach (feat. Mick Jones and Paul Simonon),Gorillaz,Plastic Beach,67
266,Hallelujah,Ryan Bingham,Junky Star,61
267,To Catch a Predator,Insane Clown Posse,Bang! Pow! Boom! Nuclear,62
268,Carry on Wayward Son,Kansas,The Essential Kansas,64
269,So Far Away,Avenged Sevenfold,Nightmare,67
270,Vixen,Miguel,All I Want Is You,63
271,The Time (Dirty Bit),Black Eyed Peas,The Beginning (Deluxe),72
272,Idilio,Willie Colón,Mis Favoritas,73
273,Whole Damn Town,Turnpike Troubadours,Diamonds & Gasoline,59
274,Hell Of A Life,Kanye West,My Beautiful Dark Twisted Fantasy,65
275,Crave You - Adventure Club Remix,Flight Facilities,Crave You (Remixes),62
276,Dance Yrself Clean,LCD Soundsystem,This Is Happening,63
277,Promiscuous,Nelly Furtado,The Best of Nelly Furtado (Deluxe),60
278,Loca (feat. El Cata),Shakira,Sale el Sol,71
279,Dear John,Taylor Swift,Speak Now,59
280,Haunted,Taylor Swift,Speak Now,59
281,Grow A Pear,Kesha,Cannibal (Expanded Edition),62
282,No Hands (feat. Roscoe Dash & Wale),Waka Flocka Flame,No Hands (feat. Roscoe Dash & Wale),61
283,Every Girl,Turnpike Troubadours,Diamonds & Gasoline,59
284,Can't Be Tamed,Miley Cyrus,Can't Be Tamed,67
285,Test Drive - From How To Train Your Dragon Music From The Motion Picture,John Powell,How To Train Your Dragon (Music From The Motion Picture),67
286,Man Down,Rihanna,Loud,61
287,Last Kiss,Taylor Swift,Speak Now,59
288,Taboo,Don Omar,Meet The Orphans,72
289,All American Nightmare,Hinder,All American Nightmare,60
290,Estoy Enamorado,Wisin & Yandel,"Los Vaqueros, El Regreso",68
291,Ritual,Ghost,Opus Eponymous,62
292,Gee,Girls' Generation,Oh! - The Second Album,68
293,Scary Monsters and Nice Sprites,Skrillex,Scary Monsters and Nice Sprites EP,61
294,Take Your Shirt Off,Millionaires,Cash Only,64
295,Waiting for the End,Linkin Park,A Thousand Suns,59
296,Terrenal,Julión Álvarez y su Norteño Banda,Ni Lo Intentes,71
297,Erase My Scars,Evans Blue,Evans|Blue,62
298,Memoir #02 [06.12.09],Maria Pseftoga,Memoir #02 [06.12.09],67
299,My Body - 2020 Remaster,Young the Giant,Young The Giant (10th Anniversary Edition),60
300,Take Your Shirt Off,Millionaires,Cash Only,64
301,Waiting for the End,Linkin Park,A Thousand Suns,59
302,Terrenal,Julión Álvarez y su Norteño Banda,Ni Lo Intentes,71
303,Erase My Scars,Evans Blue,Evans|Blue,62
304,Memoir #02 [06.12.09],Maria Pseftoga,Memoir #02 [06.12.09],67
305,My Body - 2020 Remaster,Young the Giant,Young The Giant (10th Anniversary Edition),60
306,Hello (feat. Dragonette),Martin Solveig,Hello,62
307,Suffocation,Crystal Castles,Crystal Castles (II),68
308,Remember When,Alan Jackson,34 Number Ones,62
309,"Beamer, Benz, Or Bentley",Lloyd Banks,H.F.M. 2 (Hunger For More 2),59
310,El Tamarindo,Los Buitres De Culiacan Sinaloa,Los Buitres Con Tololoche,66
311,Marijuana,Kid Cudi,Man On The Moon II: The Legend Of Mr. Rager,61
312,Ughh(She Nasty),Big Hooch,Ughh(She Nasty),58
313,Shut It Down,Drake,Thank Me Later,58
314,"When She Loved Me - From ""Toy Story 2"" / Soundtrack Version",Sarah McLachlan,Toy Story Favorites,62
315,A Year Without Rain,Selena Gomez & The Scene,A Year Without Rain,60
316,Who's That Chick? (feat. Rihanna),David Guetta,Who's That Chick?,59
317,Liquor Store Blues (feat. Damian Marley),Bruno Mars,Doo-Wops & Hooligans,63
318,Nowhere To Run,Stegosaurus Rex,The Dino Soars,65
319,Girls,MARINA,The Family Jewels,62
320,Rabiosa (feat. Pitbull),Shakira,Sale el Sol,70
321,I'll Always Remember You,Hannah Montana,Hannah Montana Forever,66
322,"Mother Knows Best (Reprise) - From ""Tangled""/Soundtrack Version",Donna Murphy,Tangled,62
323,Falling,Iration,Time Bomb,58
324,There Goes My Baby,USHER,Raymond v Raymond (Expanded Edition),61
325,Waka Waka (This Time for Africa) [The Official 2010 FIFA World Cup (TM) Song] (feat. Freshlyground),Shakira,Listen Up! The Official 2010 FIFA World Cup Album,70
326,Bombos y Tarolas,Cartel De Santa,Sincopa,58
327,"Introducing Me - From ""Camp Rock 2: The Final Jam""",Nick Jonas,Camp Rock 2: The Final Jam,65
328,Show Me A Good Time,Drake,Thank Me Later,58
329,Talento De Televisión,Willie Colón,Mis Favoritas,75
330,Fade Away,Rob Baird,Blue Eyed Angels,59
331,Every Lie,My Darkest Days,My Darkest Days,62
332,Roman's Revenge,Nicki Minaj,Pink Friday,61
333,Mud On the Tires,Brad Paisley,Hits Alive,60
334,So Appalled,Kanye West,My Beautiful Dark Twisted Fantasy,64
335,I Won't Let Go,Rascal Flatts,Nothing Like This,58
336,Window Seat,Erykah Badu,New Amerykah Part Two: Return Of The Ankh,62
337,El Centenario,Los Tucanes De Tijuana,15 Primeros Exitos Vol. 1,63
338,No Me Conoces Aún,Palomo,Serie Diamante- 15 Súper Éxitos,58
339,Hasta Abajo,Don Omar,Meet The Orphans,61
340,Love I,The Green,The Green,59
341,Lead Me,Sanctus Real,Pieces Of A Real Heart,60
342,¿A Dónde Vamos A Parar?,Marco Antonio Solís,En Total Plenitud,71
343,Wait so Long,Trampled by Turtles,Palomino,58
344,Worldwide,Big Time Rush,BTR,58
345,Good Corn Liquor,The Steeldrivers,Reckless,58
346,Unforgettable,Drake,Thank Me Later,58
347,Dear John,Taylor Swift,Speak Now (Deluxe Edition),57
348,One - Radio Edit,Swedish House Mafia,One (Your Name),63
349,Punching In A Dream,The Naked And Famous,"Passive Me, Aggressive You",63
350,Ando Bien Pedo,Banda Los Recoditos,Ando Bien Pedo,65
351,La Ley del Monte,Vicente Fernández,Un Mexicano en la México,66
352,Beacon,Matt Duncan,Beacon,63
353,Bad Boys (Theme from COPS),Inner Circle,Blazzin' Fire,72
354,The Ghost Inside,Broken Bells,Broken Bells,62
355,The Boy Who Could Fly,Pierce The Veil,Selfish Machines,59
356,Round & Round,Selena Gomez & The Scene,A Year Without Rain,62
357,She's Like Texas,Josh Abbott Band,She's Like Texas,57
358,Warrior,Disturbed,Asylum (Deluxe Edition),64
359,Pop The Trunk,Yelawolf,Trunk Muzik 0-60,59
360,En Cambio Tú,Tierra Cali,Maldito Amor,61
361,This,Darius Rucker,"Charleston, SC 1966",59
362,Enchanted,Taylor Swift,Speak Now (Deluxe Edition),57
363,Long Live,Taylor Swift,Speak Now,57
364,Compartir,Carla Morrison,Mientras Tú Dormías,72
365,The Family Jewels,MARINA,The Family Jewels (Deluxe),64
366,Congratulations,MGMT,Congratulations,61
367,Freight Train,Alan Jackson,Freight Train,65
368,Better Off This Way,A Day To Remember,What Separates Me From You,60
369,Rue des trois frères,Fabrizio Paterlini,Fragments Found,67
370,The Suburbs,Arcade Fire,The Suburbs (Deluxe),66
371,Addicted to You,Shakira,Sale el Sol,72
372,"Healing Incantation - From ""Tangled""/Soundtrack Version",Mandy Moore,Tangled,62
373,Stylo (feat. Mos Def and Bobby Womack),Gorillaz,Plastic Beach,65
374,Dancing On My Own,Robyn,Body Talk Pt. 1,57
375,Fly,Nicki Minaj,Pink Friday,63
376,Ghosts Of Mississippi,The Steeldrivers,Reckless,58
377,Whistlin' Dixie,Randy Houser,They Call Me Cadillac,58
378,GHOST!,Kid Cudi,Man On The Moon II: The Legend Of Mr. Rager,59
379,Love The Way You Lie (Part II) - Pt. 2,Rihanna,Loud,59
380,Blame Game,Kanye West,My Beautiful Dark Twisted Fantasy,63
381,Imported Goods,Action Bronson,Imported Goods,61
382,Empathy,Crystal Castles,Crystal Castles (II),69
383,Enhorabuena,Fidel Rueda,Te Voy A Amar,70
384,again,YUI,HOLIDAYS IN THE SUN,67
385,Million Dollar Houses (The Painter),Pierce The Veil,Selfish Machines,58
386,2nd Sucks,A Day To Remember,What Separates Me From You,59
387,25 To Life,Eminem,Recovery,63
388,Aléjate de Mí,Camila,Dejarte De Amar,72
389,Mi Bendición,Juan Luis Guerra 4.40,Asondeguerra,72
390,Ours,Taylor Swift,Speak Now (Deluxe Edition),57
391,En Preparacion,Gerardo Ortiz,Ni Hoy Ni Manana,64
392,Fireworks,Drake,Thank Me Later,57
393,Toot It And Boot It,YG,Toot It And Boot It,57
394,Pensando en Ti,Canserbero,Vida,75
395,Tragos Amargos,Ramon Ayala Y Sus Bravos Del Norte,Cruzando Fronteras,56
396,Whip My Hair,WILLOW,Whip My Hair,62
397,Haunted,Taylor Swift,Speak Now (Deluxe Edition),57
398,"Kingdom Dance - From ""Tangled""/Score",Alan Menken,Tangled,63
399,Never Grow Up,Taylor Swift,Speak Now,57
400,Roll With It,Easton Corbin,Easton Corbin,57
401,The Sex Is Good,Saving Abel,Miss America,58
402,Knives and Pens,Black Veil Brides,We Stitch These Wounds,61
403,What?,Rob Zombie,Hellbilly Deluxe 2 (Special Edition),59
404,Kush - Main,Dr. Dre,Kush,66
405,California King Bed,Rihanna,Loud (Japan Version),70
406,Born Free,Kid Rock,Born Free,57
407,Til I Forget About You,Big Time Rush,BTR,56
408,Mean,Taylor Swift,Speak Now (Deluxe Edition),57
409,Where I Come From,Alan Jackson,34 Number Ones,58
410,Daddy's Lambo,Yelawolf,Trunk Muzik 0-60,58
411,La Carcacha,Selena,La Leyenda (Version Super Deluxe),62
412,"Forever and Ever, Amen",Randy Travis,Top 10,61
413,Whatcha Say,Jason Derulo,Jason Derulo (Deluxe Audio),61
414,Can't Be Friends,Trey Songz,"Passion, Pain & Pleasure (Deluxe Version)",59
415,Enfantillages pittoresques: II. Berceuse,Erik Satie,"Satie: Complete Piano Works, Vol. 2/2",63
416,Big Time Rush,Big Time Rush,BTR,56
417,El Prostipirugolfo,Los Titanes De Durango,15 Exitos,66
418,Aunque Te Duela,Fidel Rueda,Cumpliendo Un Sueño,69
419,Only Girl (In The World),Rihanna,Loud,59
420,Lollipop,The Chordettes,The Chordettes' Best,59
421,Back To December,Taylor Swift,Speak Now (Deluxe Edition),56
422,Autorízame,Alfredo Olivas,El Patroncito,71
423,Back Down South,Kings of Leon,Come Around Sundown (Expanded Edition),61
424,Little White Church,Little Big Town,The Reason Why,57
425,Sparks Fly,Taylor Swift,Speak Now (Deluxe Edition),56
426,Y Si Volviera a Nacer,Los Alegres de la Sierra,15 Exitos,61
427,Opposite of Adults,Chiddy Bang,The Preview,56
428,Tonight (I'm Fuckin' You),Enrique Iglesias,Euphoria,67
429,Comandos Del M.P (500 Balazos),Voz De Mando,Con La Nueva Federación,60
430,Halfway Gone,Lifehouse,Smoke & Mirrors (Deluxe),56
431,Stuck In The Moment,Justin Bieber,My World 2.0,64
432,Medias Negras,Grupo Innovacion,Exitos Y Cumbias,60
433,"Oh, Tonight (feat. Kacey Musgraves)",Josh Abbott Band,She's Like Texas,57
434,Bill Gates,Lil Wayne,I Am Not A Human Being,56
435,Make Me Wanna Die,The Pretty Reckless,Light Me Up,56
436,S&M,Rihanna,Loud,58
437,"Airplanes, Pt. II (feat. Eminem & Hayley Williams of Paramore)",B.o.B,B.o.B Presents: The Adventures of Bobby Ray,61
438,Whore,Get Scared,Best Kind Of Mess,59
439,Over My Head (Cable Car),A Day To Remember,Attack Of The Killer B-Sides,58
440,I Can Talk,Two Door Cinema Club,Tourist History,58
441,Set 'Em Up Joe,Jamey Johnson,The Guitar Song,56
442,Muerte En Hawaii,Calle 13,Entren Los Que Quieran,74
443,I Need A Dollar,Aloe Blacc,Good Things,69
444,Mine,Taylor Swift,Speak Now (Deluxe Edition),56
445,All Of The Lights (Interlude),Kanye West,My Beautiful Dark Twisted Fantasy,62
446,Natural Born Killer,Avenged Sevenfold,Nightmare,61
447,Rill Rill,Sleigh Bells,Treats,57
448,Romantic Flight - From How To Train Your Dragon Music From The Motion Picture,John Powell,How To Train Your Dragon (Music From The Motion Picture),62
449,Never Grow Up,Taylor Swift,Speak Now (Deluxe Edition),55
450,La Ultima Sombra,Gerardo Ortiz,Ni Hoy Ni Manana,65
451,Con Clavi Con Dio,Ghost,Opus Eponymous,58
452,Take Care,Beach House,Teen Dream,56
453,Elephant,bôa,Twilight,60
454,Prrrum,Cosculluela,El Príncipe [Ghost Edition],69
455,I Can't Stop,Flux Pavilion,I Can't Stop,56
456,Cielo De Estrellas,El Trono de Mexico,Quiero Decirte Que Te Amo,61
457,This War Is Ours (The Guillotine II),Escape the Fate,This War Is Ours (Deluxe Edition),61
458,Futile Devices,Sufjan Stevens,The Age of Adz,63
459,Won't Back Down,Eminem,Recovery,60
460,The New National Anthem,Pierce The Veil,Selfish Machines,56
461,Estrategia De Escape,El Movimiento Alterado,Carteles Unidos,63
462,Love Faces,Trey Songz,"Passion, Pain & Pleasure (Deluxe Version)",58
463,My Little Girl,Jack Johnson,To The Sea,63
464,Nothin' on You (feat. Bruno Mars),B.o.B,B.o.B Presents: The Adventures of Bobby Ray,66
465,Time > Breathe Reprise >,Greensky Bluegrass,All Access: Volume One,56
466,The Best Day,Atmosphere,"To All My Friends, Blood Makes The Blade Holy: The Atmosphere EP's",56
467,I Got 5 On It,Luniz,Yukmouth Presents: 420,61
468,B.M.F. (Blowin' Money Fast),Rick Ross,Teflon Don,58
469,Heaven Nor Hell,Volbeat,Beyond Hell / Above Heaven,62
470,Culiacán Vs. Mazatlán,Calibre 50,Renovar O Morir,64
471,Bulletproof Heart,My Chemical Romance,Danger Days: The True Lives of the Fabulous Killjoys,61
472,End of Line,Daft Punk,TRON: Legacy - The Complete Edition (Original Motion Picture Soundtrack),63
473,U Smile,Justin Bieber,My World 2.0,64
474,Besitos,Pierce The Veil,Selfish Machines,56
475,Don't Stop Believin',Journey,80s 100 Hits,63
476,Letting Go (Dutty Love) featuring Nicki Minaj (feat. Nicki Minaj),Sean Kingston,Letting Go (Dutty Love) featuring Nicki Minaj (feat. Nicki Minaj),61
477,This Is the Life,Two Door Cinema Club,Tourist History,55
478,Gonna Get This,Hannah Montana,Hannah Montana Forever,59
479,"Wouldn't Change a Thing - From ""Camp Rock 2: The Final Jam""",Demi Lovato,Camp Rock 2: The Final Jam,61
480,Empathy,Crystal Castles,Crystal Castles (II),62
481,The Bomb Dot Com V2.0,Sleeping With Sirens,With Ears To See And Eyes To Hear,56
482,Heart For Brains,Roar,I Can't Handle Change,59
483,I Don't Know,Ryan Bingham,Crazy Heart: Original Motion Picture Soundtrack (Deluxe Edition),56
484,Iridescent,Linkin Park,A Thousand Suns,55
485,Livin' On Love,Alan Jackson,34 Number Ones,59
486,Soy Tu Amante Y Que,"Sergio Vega ""El Shaka""",Millonario De Amor,65
487,Living In A Dream,Finger Eleven,Life Turns Electric (BonusTrack Version),60
488,Sueña,Intocable,Super #1's,63
489,Casanova,Levert,The Best of Gerald Levert,56
490,La Escuelita,Banda Los Recoditos,Ando Bien Pedo,61
491,Only Girl (In The World),Rihanna,Loud,56
492,Angel Of The Night,The Steeldrivers,Reckless,55
493,Fall In Love,Slum Village,"Fantastic, Vol. 2.10",60
494,Beauty School,Deftones,Diamond Eyes (Deluxe),57
495,Where Is My Mind,Maxence Cyrin,Novö Piano,64
496,Superfast Jellyfish (feat. Gruff Rhys and De La Soul),Gorillaz,Plastic Beach,61
497,Revival,Deerhunter,Halcyon Digest,59
498,Mi Ultima Carta,Prince Royce,Prince Royce,62
499,Bésame,Camila,Dejarte De Amar,68
500,I Can Change,LCD Soundsystem,This Is Happening,59
501,Love Like Woe,The Ready Set,"I'm Alive, I'm Dreaming (Deluxe)",55
502,All The Way Turnt Up,Roscoe Dash,Ready Set Go!,54
503,The Catalyst,Linkin Park,A Thousand Suns,55
504,Written in the Stars (feat. Eric Turner),Tinie Tempah,Disc-Overy,55
505,Pray For You,Jaron And The Long Road To Love,Getting Dressed In The Dark,55
506,The Sweetest Thing,JJ Grey & Mofro,Georgia Warhorse,55
507,Porn Star Dancing,My Darkest Days,My Darkest Days,55
508,Holiday,Vampire Weekend,Contra,54
509,Chances,Five For Fighting,Slice,55
510,Ain't No Grave,Johnny Cash,American VI: Ain't No Grave,60
511,Last Kiss,Taylor Swift,Speak Now (Deluxe Edition),54
512,Mr. Sandman,The Chordettes,The Chordettes' Best,58
513,Southern State Of Mind,Darius Rucker,"Charleston, SC 1966",55
514,Smile,Scarface,Greatest Hits,58
515,Good Day To Die,Godsmack,The Oracle (Deluxe Edition),58
516,Move Your Body,My Darkest Days,My Darkest Days,56
517,You Be Killin Em,Fabolous,There Is No Competition 2: The Grieving Music Mixtape,56
518,Cold Wind Blows,Eminem,Recovery,61
519,Millonario De Amor,"Sergio Vega ""El Shaka""",Millonario De Amor,62
520,Hero,Christopher Wilde,StarStruck,62
521,Beat the Devil's Tattoo,Black Rebel Motorcycle Club,Beat the Devil's Tattoo,55
522,Show Me How You Burlesque (Burlesque) - Original Motion Picture Soundtrack,Christina Aguilera,Burlesque Original Motion Picture Soundtrack,53
523,Poppy,Mac Miller,K.I.D.S.,57
524,Wop (Official Version),J. Dash,Wop (Official Version),55
525,Give Me Faith,Elevation Worship,Kingdom Come,57
526,Sign,FLOW,MICROCOSM,68
527,Ordinary Girl,Hannah Montana,Hannah Montana Forever,62
528,Long Live,Taylor Swift,Speak Now (Deluxe Edition),54
529,Let's Be Friends,Emily Osment,Fight Or Flight (Bonus Track Version),60
530,REVOFEV,Kid Cudi,Man On The Moon II: The Legend Of Mr. Rager,56
531,Me Encantaría,Fidel Rueda,Te Voy A Amar,64
532,Creí,El Trono de Mexico,Quiero Decirte Que Te Amo,60
533,Finding My Way Back,Jaheim,Another Round,54
534,Ain't Thinkin' 'Bout You,Bow Wow,Aint Thinkin' Bout You,60
535,I Don't Care If You're Contagious,Pierce The Veil,Selfish Machines,56
536,Rabiosa (feat. El Cata),Shakira,Sale el Sol,64
537,Kiss My Country Ass,Blake Shelton,Hillbilly Bone,55
538,Baby I'm Yours,Breakbot,Baby I'm Yours,62
539,Mezmorized,Wiz Khalifa,Kush & Orange Juice,55
540,Wide Eyes,Local Natives,Gorilla Manor,54
541,It's Complicated,A Day To Remember,What Separates Me From You,57
542,Danger Line,Avenged Sevenfold,Nightmare,60
543,It Must Be Love,Alan Jackson,34 Number Ones,56
544,Happy Xmas (War Is Over) - Remastered 2010,John Lennon,Signature Box,63
545,He Wants It All,Forever Jones,Get Ready,56
546,Say You'll Haunt Me,Stone Sour,Audio Secrecy,58
547,The Boys of Fall,Kenny Chesney,Hemingway's Whiskey,54
548,Light Up,Drake,Thank Me Later,54
549,Riptide,Sick Puppies,Tri-polar,53
550,Fool,bôa,Twilight,59
551,Revelation 19:1,Stephen Hurd,My Destiny,55
552,SING,My Chemical Romance,Danger Days: The True Lives of the Fabulous Killjoys,60
553,Disasterology,Pierce The Veil,Selfish Machines,55
554,Doy La Vida Por Un Beso,Grupo Bryndis,Mas Alla Del Tiempo Y La Distancia,61
555,De Qué Me Sirve la Vida,Camila,Dejarte De Amar,68
556,Quickie,Miguel,All I Want Is You,55
557,Ni Lo Intentes,Julión Álvarez y su Norteño Banda,Ni Lo Intentes,64
558,Karaoke,Drake,Thank Me Later,54
559,Crab,Alex G,Race,57
560,Solitude Is Bliss,Tame Impala,InnerSpeaker,60
561,Stereo Love - Radio Edit,Edward Maya,Stereo Love,54
562,Strong Enough,Matthew West,The Story Of Your Life,54
563,Duvet - Acoustic,bôa,Twilight,58
564,Dumb Love,Sean Kingston,Dumb Love EP,55
565,Write This Down,SoulChef,Escapism,67
566,What's My Name?,Rihanna,Loud,54
567,The Story Of Us,Taylor Swift,Speak Now (Deluxe Edition),53
568,Primo Victoria,Sabaton,Primo Victoria (Re-Armed),66
569,La Vuelta Al Mundo,Calle 13,Entren Los Que Quieran,73
570,Vampire Money,My Chemical Romance,Danger Days: The True Lives of the Fabulous Killjoys,58
571,Planetary (GO!),My Chemical Romance,Danger Days: The True Lives of the Fabulous Killjoys,59
572,One In A Million,Ne-Yo,Libra Scale,65
573,Romance Is Boring,Los Campesinos!,Romance Is Boring,53
574,Sag My Pants,Hopsin,Raw,57
575,Loud,Tech N9ne Collabos,The Gates Mixed Plate,54
576,I Love Rock 'n' Roll,The Black Jets,"ReCovered Hits, Vol. 2",62
577,Stupify,Disturbed,The Sickness (10th Anniversary Edition),56
578,Outta Your Mind,Lil Jon,Crunk Rock (Deluxe),57
579,Diamond Eyes,Deftones,Diamond Eyes (Deluxe),55
580,Kong,Bonobo,Black Sands,64
581,Sabiendo Quien Era Yo,Los Incomparables De Tijuana,30 Primeros Exitos,56
582,Ridin' Solo,Jason Derulo,Jason Derulo (Deluxe Audio),57
583,Me Enamoré de Ti,Chayanne,No Hay Imposibles,69
584,All I Want Is You,Mac Miller,K.I.D.S.,56
585,Something About the Sunshine,Anna Margaret,StarStruck,60
586,I'm Yours,The Green,The Green,53
587,シュガーブー,Serani Poji,MERRY GO ROUND JAILHOUSE,60
588,Super Bass,Nicki Minaj,Pink Friday (Deluxe Edition),56
589,Lay It on the Line,Triumph,Greatest Hits Remixed (Deluxe Edition),56
590,Don't Mind If I Do,Mac Miller,K.I.D.S. (Deluxe),56
591,Call Your Girlfriend,Robyn,Body Talk,53
592,A Real Hero,College & Electric Youth,A Real Hero EP,63
593,Share My Life,Kem,Intimacy,54
594,Do Ya Wanna Taste It,Wig Wam,Non Stop Rock'n Roll,61
595,Arbol Sin Hojas,Dread Mar I,Vivi En Do,73
596,Come Undone,My Darkest Days,My Darkest Days,57
597,S&M,Rihanna,Loud,54
598,Fast Times at Clairemont High,Pierce The Veil,Selfish Machines,54
599,Summertime,My Chemical Romance,Danger Days: The True Lives of the Fabulous Killjoys,61
600,No Hurry,Zac Brown Band,You Get What You Give,54
601,Memories (feat. Kid Cudi),David Guetta,One More Love,53
602,Evelyn Evelyn,Evelyn Evelyn,Evelyn Evelyn,57
603,Ashley,Escape the Fate,This War Is Ours (Deluxe Edition),57
604,Paradise Circus,Massive Attack,Heligoland,65
605,The Weary Kind,Ryan Bingham,Junky Star,55
606,Either Way,Beta Radio,Seven Sisters,57
607,Elizabeth,Ghost,Opus Eponymous,56
608,The Other Side (feat. CeeLo Green and B.o.B),Bruno Mars,Doo-Wops & Hooligans,56
609,1983,Neon Trees,Habits,53
610,GHOST!,Kid Cudi,Man On The Moon II: The Legend Of Mr. Rager,53
611,Revelation Song,Kari Jobe,Kari Jobe,57
612,Heart of Courage,Thomas Bergersen,Invincible,68
613,Ride (feat. Ludacris),Ciara,Basic Instinct,56
614,Take It Outside,Brantley Gilbert,Halfway To Heaven (Deluxe Edition),53
615,The Same,Alex G,Race,56
616,Y la Felicidad Qué,Canserbero,Vida,71
617,Ghost Division,Sabaton,The Art of War (Re-Armed),64
618,Speak Now,Taylor Swift,Speak Now (Deluxe Edition),53
619,You Lie,The Band Perry,The Band Perry,53
620,All Of The Lights - Album Version (Edited),Kanye West,My Beautiful Dark Twisted Fantasy,54
621,Outside,Mac Miller,K.I.D.S. (Deluxe),55
622,Tonight (I'm Fuckin' You),Enrique Iglesias,Tonight (I'm Fuckin' You),55
623,Right Thru Me,Nicki Minaj,Pink Friday,55
624,Bloodbuzz Ohio,The National,High Violet,52
625,Novia Bonita,Tierra Cali,Maldito Amor,56
626,"Get Outta My Dreams, Get Into My Car",Billy Ocean,The Very Best of Billy Ocean,61
627,If This Was A Movie,Taylor Swift,Speak Now (Deluxe Edition),53
628,Give In to Me,Garrett Hedlund,Country Strong (More Music from the Motion Picture),55
629,Tu Bandera,Jesús Adrián Romero,El Brillo De Mis Ojos (Edición Especial),64
630,Your Song - Bonus Track,Ellie Goulding,Bright Lights (Lights Re-pack / Bonus Version),68
631,Who Are You When I'm Not Looking,Blake Shelton,All About Tonight,54
632,Waka Waka (This Time for Africa) - K-Mix,Shakira,Sale el Sol,66
633,Stereo Love - Original,Edward Maya,Stereo Love,67
634,Mariposa Traicionera,Maná,Six Pack: Maná - EP,62
635,Solo,Iyaz,Solo,55
636,The Suburbs,Arcade Fire,The Suburbs,61
637,Hunted Down,Soundgarden,Telephantasm (Deluxe Edition),56
638,Mouthful of Diamonds,Phantogram,Eyelid Movies,52
639,Fall For Your Type (feat. Drake),Jamie Foxx,Best Night Of My Life,55
640,B*tch,E-40,Revenue Retrievin': Day Shift,52
641,Ella,Vicente Fernández,Un Mexicano en la México,60
642,What's My Name?,Rihanna,Loud,54
643,Walking On Sunshine (25th Anniversary) - 2010 Remaster,Katrina & The Waves,Walking on Sunshine,58
644,Can't You See (feat. Kid Rock) - Live,Zac Brown Band,Pass the Jar [Zac Brown Band and Friends from the Fabulous Fox Theatre in Atlanta (Live)],53
645,"Concerto en ré mineur, BWV 974: II. Adagio",Johann Sebastian Bach,Alexandre Tharaud: Baroque,58
646,Take On Me,Reel Big Fish,The Best Of Us For The Rest Of Us,58
647,Love Come Down - Single Version,"Evelyn ""Champagne"" King",Essential - Soul Love,52
648,20 Mujeres De Negro,Los Alegres Del Barranco,De Parranda Con Los Alegres Del Barranco,56
649,Scott Mescudi Vs. The World,Kid Cudi,Man On The Moon II: The Legend Of Mr. Rager,55
650,Ocean Waves for Sleep,Ocean Waves For Sleep,Ocean Waves,55
651,Kickin Up Mud,The Lacs,Country Boy's Paradise,52
652,Holding You Down (Goin' in Circles),Jazmine Sullivan,Love Me Back,53
653,Moneygrabber,Fitz and The Tantrums,Pickin' up the Pieces,54
654,You And Your Heart,Jack Johnson,To The Sea,60
655,Our First Time,Bruno Mars,Doo-Wops & Hooligans,56
656,Southern Constellations,Pierce The Veil,Selfish Machines,54
657,Been Around,Cody Jinks,Less Wise,52
658,It Never Ends,Bring Me The Horizon,There Is A Hell Believe Me I've Seen It. There Is A Heaven Let's Keep It A Secret,55
659,Radioactive,Kings of Leon,Come Around Sundown (Expanded Edition),61
660,Lil Freak (feat. Nicki Minaj),USHER,Raymond v Raymond (Expanded Edition),54
661,Still Worth Fighting For,My Darkest Days,My Darkest Days (Deluxe Edition),61
662,Loonboon,Laura Shigihara,Plants Vs. Zombies (Original Video Game Soundtrack),59
663,Ready to Start,Arcade Fire,The Suburbs (Deluxe),61
664,"Save Me, San Francisco",Train,"Save Me, San Francisco (Golden Gate Edition)",54
665,Why Won't You Make Up Your Mind?,Tame Impala,InnerSpeaker,58
666,"Nocturne No. 1 in B flat minor, Op. 9 No. 1",Frédéric Chopin,Chopin: The Nocturnes,53
667,The Best In Me,Marvin Sapp,Here I Am,52
668,Something Like That,Tim McGraw,Number One Hits,53
669,"All I Do Is Win (feat. T-Pain, Ludacris, Snoop Dogg & Rick Ross)",DJ Khaled,"All I Do Is Win (feat. T-Pain, Ludacris, Snoop Dogg & Rick Ross)",53
670,Y Cómo Es El,Marc Anthony,Iconos,65
671,Valerie - Glee Cast Version,Glee Cast,"Glee: The Music, Volume 4",59
672,I Will Follow,Chris Tomlin,And If Our God Is For Us...,55
673,Hillbilly Bone (feat. Trace Adkins),Blake Shelton,Hillbilly Bone,54
674,The Clean Up Song,Shari Sloane,Singing With Shari: Get Ready!,54
675,Rich Kids - [Middle Cla$$ MIX],New Medicine,Race You to the Bottom,56
676,Garbage Truck,Sex Bob-Omb,Scott Pilgrim vs. the World (Original Motion Picture Soundtrack),57
677,I'm Single,Lil Wayne,I Am Not A Human Being,52
678,Wake Up,The Green,The Green,53
679,Beg Steal or Borrow (with The Pariah Dogs),Ray LaMontagne,God Willin' & The Creek Don't Rise,53
680,So Cold (The Good Wife Trailer),Ben Cocks,...As Heard In,66
681,"When Will My Life Begin (Reprise 2) - From ""Tangled""/Soundtrack Version",Mandy Moore,Tangled,55
682,The Goldfish,The Laurie Berkner Band,The Best Of The Laurie Berkner Band,54
683,Bound To You - Burlesque Original Motion Picture Soundtrack,Christina Aguilera,Burlesque Original Motion Picture Soundtrack,51
684,Lets Go Surfing,The Drums,The Drums,64
685,You're Gonna Miss This,Trace Adkins,Definitive Greatest Hits,54
686,Stand by Him,Ghost,Opus Eponymous,54
687,Charge,Marc Streitenfeld,Robin Hood (Original Motion Picture Soundtrack),63
688,When It Was Wrong,The California Honeydrops,Spreadin' Honey,54
689,The Bomb,Pigeon John,Dragon Slayer,58
690,In My Veins - Feat. Erin Mccarley,Andrew Belle,In My Veins (Feat. Erin Mccarley),62
691,Ya No Te Buscaré,La Arrolladora Banda El Limón De Rene Camacho,Todo Depende De Ti,67
692,Gonorrhea,Lil Wayne,I Am Not A Human Being,52
693,Redneck Woman,Gretchen Wilson,Greatest Hits,54
694,Fallaste Corazón,Pedro Infante,Mexico Gran Colección Ranchera: Pedro Infante,64
695,Sometimes,Miami Horror,Illumination,59
696,Buzzin,Mann,Buzzin,51
697,The Old Man Down The Road,John Fogerty,Centerfield - 25th Anniversary,59
698,Ilegal,Cultura Profética,La Dulzura,68
699,Who Dat Girl (feat. Akon),Flo Rida,Only One Flo (Part 1),59
700,Not Strong Enough,Apocalyptica,7th Symphony,60
701,Let Me Hear You Scream,Ozzy Osbourne,Scream (Expanded Edition),58
702,Bad Boy,Cascada,Everytime We Touch (Premium Edition),58
703,Hola Beba,Farruko,Hola Beba,67
704,Thank Me Now,Drake,Thank Me Later,52
705,Innocent,Taylor Swift,Speak Now,52
706,La Vida Es Así,Ivy Queen,Drama Queen (Deluxe Version),60
707,Shoot It Out,10 Years,Feeding The Wolves (Deluxe Version),52
708,Barber: Adagio for Strings,Samuel Barber,Samuel Barber - Adagio,59
709,Turn Around,Iration,Time Bomb,51
710,"Derezzed - From ""TRON: Legacy""/Score",Daft Punk,TRON: Legacy,58
711,Niña De Mi Corazón,La Arrolladora Banda El Limón De Rene Camacho,Todo Depende De Ti,64
712,El Mini 6,El Movimiento Alterado,Carteles Unidos,57
713,Nueve Caballos,Grupo Laberinto,Qué Barbaridad: Corridos y Rancheras,56
714,Hell On Wheels,Brantley Gilbert,Halfway To Heaven (Deluxe Edition),51
715,Move,MercyMe,The Generous Mr. Lovewell,52
716,Hermit the Frog,MARINA,The Family Jewels,61
717,Broken,Gorillaz,Plastic Beach,59
718,"Who Are You, Really?",Mikky Ekko,Reds,57
719,Firework,Katy Perry,Teenage Dream,60
720,POWER - Album Version (Edited),Kanye West,My Beautiful Dark Twisted Fantasy,52
721,Save Me,Avenged Sevenfold,Nightmare,57
722,Sleep Patterns,Merchant Ships,For Cameron,54
723,The Legend Begins,Marc Streitenfeld,Robin Hood (Original Motion Picture Soundtrack),62
724,Can You Run,The Steeldrivers,Reckless,52
725,This Is Berk,John Powell,How To Train Your Dragon (Music From The Motion Picture),58
726,It’s Time,Bobby Alu,Bobby Alu,60
727,DESTROYA,My Chemical Romance,Danger Days: The True Lives of the Fabulous Killjoys,56
728,Nothing I Hold on to (Live),Will Reagan,Live at the Banks House,54
729,Que Lástima,Los Creadorez Del Pasito Duranguense,Serie Diamante-15 Súper Éxitos,51
730,Going Through Changes,Eminem,Recovery,58
731,My Kind Of Crazy,Brantley Gilbert,Halfway To Heaven (Deluxe Edition),51
732,In My Head,Jason Derulo,Jason Derulo (Deluxe Audio),56
733,Make A Movie,Twista,The Perfect Storm,54
734,Haunted - Acoustic Version,Taylor Swift,Speak Now (Deluxe Edition),51
735,W.T.P.,Eminem,Recovery,62
736,Boy,Ra Ra Riot,The Orchard,51
737,Suffocation,Crystal Castles,Crystal Castles (II),56
738,I Look to You,Miami Horror,Illumination,60
739,Se Vale Soñar,El Tigrillo Palma,20 Corridos Poderosos,56
740,Me Duele La Cabeza,"Héctor Acosta ""El Torito""",Oblígame,51
741,Back To December - Acoustic,Taylor Swift,Speak Now (Deluxe Edition),52
742,Cracks - Flux Pavilion Remix,Freestylers,Cracks,55
743,Hold On,All That Remains,For We Are Many,54
744,A Donde Iras Ahora,Campeche Show,30 Aniversario (Edición Limitada),62
745,I Just Wanna Run,The Downtown Fiction,Best I Never Had,53
746,Easy,Rascal Flatts,Nothing Like This,51
747,Imma Kill U,Insane Clown Posse,Bang! Pow! Boom! Nuclear,54
748,Maldito Amor,Tierra Cali,Maldito Amor,55
749,1968,Turnpike Troubadours,Diamonds & Gasoline,51
750,October,Broken Bells,Broken Bells,56
751,Breathing Space,Sacred Earth,Call to the Divine,59
752,Welcome Home,Radical Face,Touch the Sky (Welcome Home) - EP,62
753,"Turn Around (5,4,3,2,1)",Flo Rida,Only One Flo (Part 1),64
754,Rain,bôa,Twilight,56
755,Satan Prayer,Ghost,Opus Eponymous,54
756,El Trokero Lokochon,Gerardo Ortiz,Ni Hoy Ni Manana,60
757,Alors On Danse - Remix - Explicit,Stromae,Alors On Danse (Remix - Explicit),53
758,Gabino Barrera,Carlos Y Jose,20 Exitos de Coleccion,55
759,For My Dawgs,Waka Flocka Flame,Flockaveli,52
760,Coastal,Kenny Chesney,Hemingway's Whiskey,51
761,Home,One Direction,Rarities - EP,63
762,Navy Light,Labyrinth Ear,Oak,58
763,Never Gonna Leave This Bed,Maroon 5,Hands All Over (Deluxe),53
764,Fallen,Volbeat,Beyond Hell / Above Heaven,64
765,This Too Shall Pass,OK Go,Of the Blue Colour of the Sky,51
766,She Needs Me (Remix),Kendrick Lamar,Overly Dedicated,54
767,Skin,Rihanna,Loud,52
768,Daydream,Gunter Kallmann Choir,The Fantastic Sound Of,63
769,No Hands (feat. Roscoe Dash and Wale),Waka Flocka Flame,Flockaveli,51
770,Thunderstruck,AC/DC,Iron Man 2,62
771,Sad Sad City,Ghostland Observatory,Paparazzi Lightning,51
772,Greenland,Emancipator,Safe in the Steep Cliffs,57
773,"You Be Tails, I'll Be Sonic",A Day To Remember,What Separates Me From You,54
774,Box Chevy,Yelawolf,Trunk Muzik 0-60,53
775,Ley del Hielo,Canserbero,Vida,68
776,Chasin' That Neon Rainbow,Alan Jackson,34 Number Ones,53
777,Gorgeous Nightmare,Escape the Fate,Escape The Fate (Deluxe),51
778,"When Will My Life Begin (Reprise 1) - From ""Tangled""/Soundtrack Version",Mandy Moore,Tangled,55
779,"Nocturne en Mi Bémol Majeur, Op. 9 No. 2",Frédéric Chopin,"Chopin: Nocturnes, Vol. 1",61
780,Back In The Day,Mac Miller,K.I.D.S. (Deluxe),54
781,Monsoon,Tokio Hotel,Best Of (English Version),56
782,Forbidden Friendship,John Powell,How To Train Your Dragon (Music From The Motion Picture),57
783,serial killer,Cydia,Lana,60
784,And We Danced (feat. Ziggy Stardust),Macklemore,The Unplanned Mixtape,65
785,Regalame Una Noche,J Alvarez,El Movimiento: The Mixtape,69
786,The Sky Under the Sea,Pierce The Veil,Selfish Machines,52
787,Just Passing Through,Jason Aldean,My Kinda Party,51
788,Perdóname la Vida,"Héctor Acosta ""El Torito""",The Ultimate Bachata Collection,58
789,Moment 4 Life,Nicki Minaj,Pink Friday (Complete Edition),54
790,Stamp On The Ground,ItaloBrothers,Stamp!,70
791,No Me Digas Que No,Enrique Iglesias,Euphoria (Standard US/Latin version),58
792,Horchata,Vampire Weekend,Contra,50
793,Talkin’ 2 Myself,Eminem,Recovery,58
794,Our Deal,Best Coast,Crazy for You,53
795,Panzerkampf,Sabaton,The Art of War (Re-Armed),60
796,Little Bitty,Alan Jackson,34 Number Ones,54
797,Sleep Is for the Weak,The Dreadnoughts,Polka's Not Dead,52
798,Despicable Me,Pharrell Williams,Despicable Me,51
799,The Animal,Disturbed,Asylum (Deluxe Edition),55
800,On The Run,The Jompson Brothers,The Jompson Brothers,52
801,Muy Tranquilo,Gramatik,SB3,62
802,Live Like You Were Dying,Tim McGraw,Number One Hits,52
803,Te Odio Y Te Amo,Duelo,Solamente Tú,61
804,Express - Burlesque Original Motion Picture Soundtrack,Christina Aguilera,Burlesque Original Motion Picture Soundtrack,50
805,To Binge (feat. Little Dragon),Gorillaz,Plastic Beach,57
806,Ignorance Is Bliss,Kendrick Lamar,Overly Dedicated,54
807,La Rubia Y La Morena,Los Dinamicos Del Norte,30 Primeros Exitos,55
808,It’s America,Rodney Atkins,It's America,51
809,"End of Line - From ""TRON: Legacy""/Score",Daft Punk,TRON: Legacy,57
810,Sprawl II (Mountains Beyond Mountains),Arcade Fire,The Suburbs (Deluxe),56
811,Hey Hey Hey,Michael Franti & Spearhead,The Sound Of Sunshine,51
812,Over,Drake,Over (Explicit Version),53
813,Burn One,Fortunate Youth,Up-Lifted EP,52
814,Mexican Radio,Wall Of Voodoo,Guilty Pleasures,50
815,Cheers (Drink To That),Rihanna,Loud,51
816,Teenage Dream,Katy Perry,Teenage Dream - Remix EP,60
817,Club Can't Handle Me (feat. David Guetta) - From the Step Up 3D Soundtrack,Flo Rida,Club Can't Handle Me,58
818,I Like,Jeremih,All About You,52
819,Maldito Alcohol (Pitbull vs. Afrojack),Pitbull,Armando,57
820,Wretches and Kings,Linkin Park,A Thousand Suns,51
821,Down For My Niggaz,C-Murder,Trapped In Crime,51
822,Overboard,Justin Bieber,My World 2.0,63
823,Fate Has Smiled Upon Us,Marc Streitenfeld,Robin Hood (Original Motion Picture Soundtrack),61
824,Les eaux de mars,Stacey Kent,Raconte-moi... (Bonus Edition),63
825,Abigail,Motionless In White,Creatures,53
826,Little Miss,bôa,Twilight,55
827,Cheers (Drink To That),Rihanna,Loud (Japan Version),56
828,Hold My Hand (with Akon),Michael Jackson,Michael,63
829,The Poet,Ryan Bingham,Junky Star,52
830,Trash,Alex G,Race,53
831,10 Seconds,Jazmine Sullivan,Love Me Back,51
832,Runaway Love,Justin Bieber,My World 2.0,57
833,Alter Ego,Tame Impala,InnerSpeaker,57
834,Beautiful World,JJ Grey & Mofro,Georgia Warhorse,52
835,What Will Be Will Be,The Green,The Green,51
836,Wedding Dress,TAEYANG,Solar,60
837,Journal of Ardency,Class Actress,Journal of Ardency,55
838,Blame It On Waylon,Josh Thompson,Way Out Here,51
839,The Big Bang,Rock Mafia,The Big Bang,64
840,So Bad,Eminem,Recovery,58
841,"With Ears to See, and Eyes to Hear",Sleeping With Sirens,With Ears To See And Eyes To Hear,53
842,Like My Dog,Billy Currington,Enjoy Yourself,51
843,Trapped In My Mind,Kid Cudi,Man On The Moon II: The Legend Of Mr. Rager,52
844,Instant Karma! (We All Shine On) - Remastered 2010,John Lennon,Signature Box,58
845,For the Summer (with The Pariah Dogs),Ray LaMontagne,God Willin' & The Creek Don't Rise,53
846,Stay Away from My Friends,Pierce The Veil,Selfish Machines,52
847,Kissin U,Miranda Cosgrove,Sparks Fly (Deluxe Version),55
848,Prime Mover,Ghost,Opus Eponymous,52
849,God Hates Us,Avenged Sevenfold,Nightmare,56
850,Visions,Wiz Khalifa,Kush & Orange Juice,52
851,Silver Wings,Merle Haggard & The Strangers,A Portrait Of,52
852,Chickin Lights And Chrome,Jesse Watson,Chickin Lights And Chrome - Single,52
853,Love Will Tear Us Apart - 2010 Remaster,Joy Division,Substance,56
854,The Light,Common,Go! Common Classics,53
855,Who Will Survive In America,Kanye West,My Beautiful Dark Twisted Fantasy,56
856,Sextape,Deftones,Diamond Eyes (Deluxe),53
857,You Are More,Tenth Avenue North,The Light Meets The Dark,51
858,Clush,Isles & Glaciers,The Hearts of Lonely People,51
859,Never Let You Go,Justin Bieber,My World 2.0,61
860,Good day,IU,REAL,63
861,"When the Going Gets Tough, The Tough Get Going",Billy Ocean,The Very Best of Billy Ocean,64
862,Starstruck,Christopher Wilde,StarStruck,56
863,The Family Jewels,MARINA,The Family Jewels,58
864,Cigarettes In the Theatre,Two Door Cinema Club,Tourist History,51
865,"Tchaikovsky: The Nutcracker, Op. 71, Act II: No. 13, Waltz of the Flowers",Pyotr Ilyich Tchaikovsky,Tchaikovsky: The Nutcracker,59
866,Junto Al Amanecer,J Alvarez,El Movimiento: The Mixtape,69
867,El Uno Para El Otro,El Trono de Mexico,Quiero Decirte Que Te Amo,55
868,Save Me,Nicki Minaj,Pink Friday,54
869,El Hombre Que Más Te Amó,Vicente Fernández,El Hombre Que Más Te Amo,59
870,Carteles Unidos,El Movimiento Alterado,Carteles Unidos,57
871,Clay Pigeons,Blaze Foley,Sittin' by the Road,52
872,With You,Lil Wayne,I Am Not A Human Being,50
873,Chivo Tatemado,Voz De Mando,Impactos De Arranque,57
874,It Is Not Meant To Be,Tame Impala,InnerSpeaker,57
875,I'm a Banana,Onision,Banana Songs,54
876,¿Dónde Estas Presumida?,Chuy Lizarraga y Su Banda Tierra Sinaloense,"Pistear, Pistear",57
877,Skin,Rihanna,Loud (Japan Version),57
878,Country Road,The Lacs,Country Boy's Paradise,50
879,Stomp,The Stone Foxes,Bears & Bulls,56
880,Diggin' Up Bones,Randy Travis,Top 10,51
881,What Ya Gonna Do,Hinder,All American Nightmare,51
882,Dream Is Collapsing,Hans Zimmer,Inception (Music from the Motion Picture),59
883,From Where You Are,Lifehouse,Smoke & Mirrors,55
884,Giving Up the Gun,Vampire Weekend,Contra,49
885,Bombos y Tarolas,Cartel De Santa,Sincopa,70
886,Roman's Revenge,Nicki Minaj,Pink Friday (Complete Edition),52
887,Superman,Taylor Swift,Speak Now (Deluxe Edition),50
888,Harlem River Blues,Justin Townes Earle,Harlem River Blues,52
889,Constant Craving,k.d. lang,Recollection,58
890,The Reason,Hoobastank,Best Of,54
891,Cuando Me Enamoro,Enrique Iglesias,Euphoria,75
892,House,Alex G,Race,53
893,"Words, Words, Words (Studio)",Bo Burnham,Words Words Words,54
894,Whiskey Hangover,Godsmack,The Oracle (Deluxe Edition),51
895,Ring Around the Rosie - 2014 Version,The Kiboomers,Top 30 Award-Winning Preschool Songs,55
896,According To You,Orianthi,Believe (II),50
897,"Tchaikovsky: The Nutcracker, Op. 71, Act II: No. 14a, Pas de deux. Andante maestoso",Pyotr Ilyich Tchaikovsky,Tchaikovsky: The Nutcracker,57
898,Sexy Bitch (feat. Akon),David Guetta,One More Love,62
899,Duck Or Ape,Roar,I Can't Handle Change,54
900,Ashin’ Kusher,Kid Cudi,Man On The Moon II: The Legend Of Mr. Rager,51
901,O Let's Do It (feat. Cap),Waka Flocka Flame,Flockaveli,50
902,Check It Out,will.i.am,Pink Friday (Complete Edition),56
903,Halloween Theme - Main Title,John Carpenter,Halloween Motion Picture Soundtrack,53
904,Take Me Away,Keyshia Cole,Calling All Hearts,53
905,Sheila Ki Jawani,Sunidhi Chauhan,Tees Maar Khan,68
906,"Pain Of Love - Live, 12.04.2010, Mediolanum Forum Mailand, Italien",Tokio Hotel,Humanoid City Live,60
907,Beautiful Things,Gungor,Beautiful Things,51
908,Sinister Kid,The Black Keys,Brothers,50
909,Cousins,Vampire Weekend,Contra,49
910,The Last Time,All That Remains,For We Are Many,53
911,REVOFEV,Kid Cudi,Man On The Moon II: The Legend Of Mr. Rager,50
912,Threshold,Sex Bob-Omb,Scott Pilgrim vs. the World (Original Motion Picture Soundtrack),54
913,The Messenger,Linkin Park,A Thousand Suns,50
914,You're the One,Dondria,Dondria vs. Phatfffat,51
915,We Danced,Brad Paisley,Hits Alive,51
916,Fiction,Avenged Sevenfold,Nightmare,54
917,Tightrope (feat. Big Boi) - Big Boi Vocal Edit,Janelle Monáe,The ArchAndroid,54
918,Moonscapes,Dangermuffin,Moonscapes,49
919,Odessa,Caribou,Swim,53
920,Gypsy Woman,Anarbor,The Words You Don't Swallow,53
921,"Dear X, You Don't Own Me",Disciple,Horseshoes & Handgrenades,52
922,Bright Lights Bigger City,CeeLo Green,The Lady Killer,51
923,夏天,Nicky Lee,好玖,60
924,Remember,Alex G,Race,53
925,Halfway There,Big Time Rush,BTR,49
926,Ámame,Los Llayras,Clásicas De La Cumbia Andina,59
927,"The Son of Flynn - From ""TRON: Legacy""/Score",Daft Punk,TRON: Legacy,56
928,Love is All,The Tallest Man On Earth,The Wild Hunt,58
929,Me Paresco Pero No Soy,La Mar-K De Tierra Caliente,Cada Vez Mas-Fuerte,51
930,Sin Ti,Grupo Bryndis,Un Bryndis Con Los Acosta,57
931,Sherwood Forest,Marc Streitenfeld,Robin Hood (Original Motion Picture Soundtrack),58
932,Riverside,Agnes Obel,Philharmonics,49
933,Tu Confidente,Grupo Innovacion,Exitos Y Cumbias,52
934,Sera Porque Te Amo,Ricchi E Poveri,Exclusive Ricchi E Poveri - 15 Exitos,68
935,Next Girl,The Black Keys,Brothers,50
936,Nos Faltó,Palomo,Serie Diamante- 15 Súper Éxitos,49
937,Letter Sounds (apple apple aaa),Barbara Milne,Sounds Like Fun by Barbara Milne,52
938,Por Que Te Amo,Tierra Cali,Maldito Amor,53
939,Did It On’em,Nicki Minaj,Pink Friday (Complete Edition),52
940,La Inconforme,Grupo G,Las Mejores Cumbias Sonideras,53
941,Who Built the Moon,Shinyribs,Well After Awhile,49
942,Ésta Es Pa´ Mi Viejo,Espinoza Paz,Del Rancho para el Mundo,57
943,Bonfire Sessions,King Fantastic,Finger Snaps and Gun Claps,50
944,La dolce vita,Nino Rota,Original Music for the Movies of Federico Fellini,57
945,Back In Black,AC/DC,Iron Man 2,58
946,If It's Love,Train,"Save Me, San Francisco (Golden Gate Edition)",52
947,El Santo Del Amor,Campeche Show,30 Aniversario (Edición Limitada),60
948,La Complicidad,Cultura Profética,La Dulzura,64
949,Derezzed,Daft Punk,TRON: Legacy - The Complete Edition (Original Motion Picture Soundtrack),54
950,Caballos Del Pantanal,Grupo Laberinto,Qué Barbaridad: Corridos y Rancheras,53
951,Demonios Empecherados,Los Buitres De Culiacan Sinaloa,Los Buitres Con Tololoche,56
952,I Made It (Cash Money Heroes),Kevin Rudolf,To The Sky,54
953,Heartache That Don't Stop Hurting,Jason Aldean,My Kinda Party,49
954,Kickin It In Tennessee,SMO,American Made,49
955,Party Poison,My Chemical Romance,Danger Days: The True Lives of the Fabulous Killjoys,54
956,Felt Good On My Lips,Tim McGraw,Number One Hits,50
957,Perdiendo la Fe,Canserbero,Vida,65
958,Immaculate Misconception,Motionless In White,Creatures,52
959,Beautiful,MercyMe,The Generous Mr. Lovewell,50
960,Falling In,Lifehouse,Smoke & Mirrors (Deluxe),49
961,She's Long Gone,The Black Keys,Brothers,49
962,Zebra,Beach House,Teen Dream,50
963,Country Boy's World,Jason Aldean,My Kinda Party,49
964,Another Way to Die,Disturbed,Asylum (Deluxe Edition),54
965,"Gone Baby, Don't Be Long",Erykah Badu,New Amerykah Part Two: Return Of The Ankh,54
966,Kill EVERYBODY,Skrillex,Scary Monsters and Nice Sprites EP,52
967,Count On You (feat. Jordin Sparks),Big Time Rush,BTR,50
968,Lonely At The Top,Jamey Johnson,The Guitar Song,49
969,Black Sheep - Brie Larson Vocal Version / Bonus Track,Metric,Scott Pilgrim Vs. The World (Original Motion Picture Soundtrack Expanded Edition),54
970,Volar Volar,Cartel De Santa,Sincopa,48
971,Aceptas,Canserbero,Vida,65
972,When I'm With You,Best Coast,Crazy for You,50
973,Better Things,Sharon Jones & The Dap-Kings,I Learned the Hard Way,57
974,Donde Estaras,Ricchi E Poveri,Exclusive Ricchi E Poveri - 15 Exitos,65
975,More Today Than Yesterday,The Spiral Starecase,More Today Than Yesterday,50
976,Frailty,dalves,Bokenheart,52
977,Meet the Frownies,Mr Twin Sister,Meet the Frownies,52
978,Poppin Bottles,T.I.,No Mercy,51
979,The Mall & Misery,Broken Bells,Broken Bells,52
980,Rinconcito En El Cielo,Ramon Ayala Y Sus Bravos Del Norte,Cruzando Fronteras,48
981,Fly Away,TeddyLoid,Panty & Stocking with Garterbelt The Original Soundtrack,53
982,Mind Your Manners (feat. Icona Pop),Chiddy Bang,Breakfast,49
983,Texas Was You,Jason Aldean,My Kinda Party,49
984,Que nadie sepa mi sufrir (Amor de mis amores),Margarita la diosa de la cumbia,30 Aniversario,60
985,Laredo,Band of Horses,Infinite Arms,52
986,Never Without You,Brian Simpson,South Beach,53
987,You Are,Charlie Wilson,Just Charlie,51
988,Victim,Avenged Sevenfold,Nightmare,55
989,The Fire,The Roots,How I Got Over,57
990,Turn On The Radio,Reba McEntire,All The Women I Am,49
991,Surf City,Jan & Dean,Surf City And Other Swingin' Cities,52
992,Frente a frente (feat. Tulsa),Bunbury,Las Consecuencias,68
993,We Are One,12 Stones,The Only Easy Day Was Yesterday,56
994,See You When I See You,Jason Aldean,My Kinda Party,49
995,Bad News,Whitey Morgan and the 78's,Whitey Morgan and the 78's,50
996,All In,Lifehouse,Smoke & Mirrors (Deluxe),49
997,"Solar Sailer - From ""TRON: Legacy""/Score",Daft Punk,TRON: Legacy,56
998,Fortune Days,The Glitch Mob,Drink the Sea,53
999,Still Blazin (feat. Alborosie),Wiz Khalifa,Kush & Orange Juice,52
